-- INSERT SCHOOLS
INSERT INTO School_Unit (school_id, school_name, address, city, email, d_first_name, d_last_name, o_first_name, o_last_name) VALUES
    (101, 'Δημοτικό Σχολείο Ακρόπολης', 'Οδός Ακρόπολης 1', 'Αθήνα', 'acropolelem@gmail.com', 'Γιώργος', 'Παπαδόπουλος', 'Μαρία', 'Δημητρίου'),
    (102, 'Γυμνάσιο Παρθενών', 'Λεωφόρος Παρθένωνα 10', 'Αθήνα', 'parthenonhigh@gmail.com', 'Δημήτρης', 'Νικολάου', 'Σοφία', 'Κωνσταντίνου'),
    (201, 'Κεντρικό Σχολείο Θεσσαλονίκης', 'Λεωφόρος Κεντρικός 1', 'Θεσσαλονίκη', 'thesscentral@gmail.com', 'Αντώνης', 'Παπανικολάου', 'Ελένη', 'Γεωργίου'),
    (202, 'Δημοτικό Σχολείο Αριστοτέλη', 'Οδός Αριστοτέλη 10', 'Θεσσαλονίκη', 'aristotelem@gmail.com', 'Σταύρος', 'Μαρκόπουλος', 'Αθηνά', 'Μαυρομιχάλη'),
    (301, 'Γραμματικό Σχολείο Ηρακλείου', 'Οδός Ηρακλείου 1', 'Ηράκλειο', 'herakliongram@gmail.com', 'Μαρία', 'Δημητρίου', 'Νικόλας', 'Σωτηρίου');

-- INSERT SCHOOL PHONE NUMBERS
INSERT INTO School_Unit_phone_number (phone_number, school_id) VALUES
    ('2109827923', 101),
    ('2107583920', 102),
    ('2316458273', 201),
    ('2319846721', 202),
    ('2816785421', 301);

-- INSERT ΒΟΟΚ
INSERT INTO Book (ISBN, title, publisher, page_number, summary, cover_image, language) VALUES 
    ('9780099592068', 'My Age of Anxiety', 'Random House', 400, 'A gripping memoir exploring the author''s personal experiences with anxiety disorders.', 'https://d1w7fb2mkkr3kw.cloudfront.net/assets/images/book/mid/9780/0995/9780099592068.jpg', 'English'),
    ('9780323545037', 'Netter''s Anatomy Coloring Book Updated Edition', 'Elsevier', 250, 'A comprehensive anatomy coloring book for medical students and professionals.', 'https://d1w7fb2mkkr3kw.cloudfront.net/assets/images/book/mid/9780/3235/9780323545037.jpg', 'English'),
    ('9781626259492', 'Learning ACT, 2nd Edition', 'New Harbinger Publications', 320, 'An updated guide to Acceptance and Commitment Therapy (ACT) for mental health professionals.', 'https://d1w7fb2mkkr3kw.cloudfront.net/assets/images/book/mid/9781/6262/9781626259492.jpg', 'English'),
    ('9780984481743', 'The Brain over Binge Recovery Guide', 'Camellia Publishing', 280, 'A practical self-help guide for overcoming binge eating and building a healthy relationship with food.', 'https://d1w7fb2mkkr3kw.cloudfront.net/assets/images/book/mid/9780/9844/9780984481743.jpg', 'English'),
    ('9781849059206', 'Exploring Feelings for Young Children with High-Functioning Autism or Asperger''s Disorder', 'Jessica Kingsley Publishers', 160, 'A guidebook for parents and professionals to help children with autism understand and express their emotions.', ' https://d1w7fb2mkkr3kw.cloudfront.net/assets/images/book/mid/9781/8490/9781849059206.jpg', 'English'),
    ('9780702034473', 'Aids to the Examination of the Peripheral Nervous System', 'Elsevier', 200, 'A comprehensive manual for examining the peripheral nervous system in clinical practice.', 'https://d1w7fb2mkkr3kw.cloudfront.net/assets/images/book/mid/9780/7020/9780702034473.jpg', 'English'),
    ('9780190930967', 'Let the Children Play', 'Oxford University Press', 180,  'An exploration of the importance of play for children''s development and learning.', 'https://d1w7fb2mkkr3kw.cloudfront.net/assets/images/book/mid/9780/1909/9780190930967.jpg', 'English'),
    ('9780140194715', 'Bioenergetics', 'Penguin Books', 240, 'An introduction to the principles and practice of bioenergetics for personal growth and healing.',  'https://d1w7fb2mkkr3kw.cloudfront.net/assets/images/book/mid/9780/1401/9780140194715.jpg', 'English'),
    ('9780062515421', 'Meditation Made Easy', 'HarperOne', 160, 'A beginner''s guide to incorporating meditation into daily life for stress reduction and inner peace.', 'https://d1w7fb2mkkr3kw.cloudfront.net/assets/images/book/mid/9780/0625/9780062515421.jpg', 'English'),
    ('9780062426765', 'The Healthiest Diet on the Planet', 'Harper Wave', 320, 'A guide to adopting a whole-food, plant-based diet for optimal health and weight loss.', 'https://d1w7fb2mkkr3kw.cloudfront.net/assets/images/book/mid/9780/0624/9780062426765.jpg', 'English'),
    ('9780393706345', '1001 Solution-Focused Questions', 'W. W. Norton & Company', 352, 'A collection of solution-focused questions for therapists and coaches to facilitate positive change.', 'https://d1w7fb2mkkr3kw.cloudfront.net/assets/images/book/mid/9780/3937/9780393706345.jpg', 'English'),
    ('9780831400705', 'New Peoplemaking', 'Science and Behavior Books', 272, 'A guide to improving relationships and personal growth based on family therapist Virginia M. Satir''s work.', 'https://d1w7fb2mkkr3kw.cloudfront.net/assets/images/book/mid/9780/8314/9780831400705.jpg', 'English'),
    ('9780141985138', 'How to Change Your Mind', 'Penguin Books', 320, 'A fascinating exploration of the science and history of psychedelic substances.', 'https://d1w7fb2mkkr3kw.cloudfront.net/assets/images/book/mid/9780/1419/9780141985138.jpg', 'English'),
    ('9780141034591', 'The Black Swan', 'Penguin Books', 480, 'Examines the impact of unpredictable events and their profound influence on our world.', 'https://d1w7fb2mkkr3kw.cloudfront.net/assets/images/book/mid/9780/1410/9780141034591.jpg', 'English'),
    ('9780330492270', 'The Psychopath Test', 'Pan Macmillan', 288, 'Explores the concept of psychopathy and its diagnosis in society.', 'https://d1w7fb2mkkr3kw.cloudfront.net/assets/images/book/mid/9780/3304/9780330492270.jpg', 'English'),
    ('9780141981727', 'Seven Brief Lessons on Physics', 'Penguin Books', 96, 'Presents a concise and accessible introduction to the exciting field of physics.', 'https://d1w7fb2mkkr3kw.cloudfront.net/assets/images/book/mid/9780/1419/9780141981727.jpg', 'English'),
    ('9781607749769', 'Women In Science', 'Ten Speed Press', 128, 'Profiles the remarkable achievements of women in various scientific fields.', 'https://d1w7fb2mkkr3kw.cloudfront.net/assets/images/book/mid/9781/6077/9781607749769.jpg', 'English'),
    ('9780143113102', 'The Brain That Changes Itself', 'Penguin Books', 448, 'Explores the concept of neuroplasticity and its impact on our understanding of the brain.', 'https://d1w7fb2mkkr3kw.cloudfront.net/assets/images/book/mid/9780/1431/9780143113102.jpg', 'English'),
    ('9780762463107', 'Harry Potter Talking Dobby and Collectible Book', 'Running Press', 250, 'This book features a talking Dobby toy and provides a collectible edition of the Harry Potter series.', 'https://d1w7fb2mkkr3kw.cloudfront.net/assets/images/book/mid/9780/7624/9780762463107.jpg', 'English'),
    ('9780739048177', 'Suzuki Violin School, Volume 3', 'Alfred Music', 100, 'This book is part of the Suzuki Violin School series, focusing on Volume 3 of violin techniques and practice.', 'https://d1w7fb2mkkr3kw.cloudfront.net/assets/images/book/mid/9780/7390/9780739048177.jpg', 'English'),
    ('9780713490749', 'Botanical Illustration Course with the Eden Project', 'Laurence King Publishing', 150, 'Learn the art of botanical illustration with this comprehensive course, featuring stunning illustrations and guidance from the Eden Project.', 'https://d1w7fb2mkkr3kw.cloudfront.net/assets/images/book/mid/9780/7134/9780713490749.jpg', 'English'),
    ('9780881792126', 'The Elements of Typographic Style', 'Hartley & Marks Publishers', 300, 'Discover the essential elements of typographic style in this comprehensive guide by Robert Bringhurst.', 'https://d1w7fb2mkkr3kw.cloudfront.net/assets/images/book/mid/9780/8817/9780881792126.jpg', 'English'),
    ('9780739015575', 'Complete Color Coded Flash Cards', 'Alfred Music', 50, 'Enhance your music learning with these color-coded flashcards covering various aspects of music theory and notation.', 'https://d1w7fb2mkkr3kw.cloudfront.net/assets/images/book/mid/9780/7390/9780739015575.jpg', 'English'),
    ('9780060989156', 'The Dirt : Confessions of the Most Notorious Rock Band', 'HarperCollins', 400, 'This biography offers a glimpse into the controversial and wild journey of the rock band Mötley Crüe.', 'https://d1w7fb2mkkr3kw.cloudfront.net/assets/images/book/mid/9780/0609/9780060989156.jpg', 'English'),
    ('9780810959545', 'The Diary of Frida Kahlo', 'Harry N. Abrams', 200, 'Explore the personal diary and artwork of renowned Mexican artist Frida Kahlo.', 'https://d1w7fb2mkkr3kw.cloudfront.net/assets/images/book/mid/9780/8109/9780810959545.jpg', 'English'),
    ('9781781258637', 'The Diary of a Bookseller', 'Profile Books', 300, 'Join Shaun Bythell on a hilarious and candid journey through the ups and downs of running a bookshop in Scotland.', 'https://d1w7fb2mkkr3kw.cloudfront.net/assets/images/book/mid/9781/7812/9781781258637.jpg', 'English'),
    ('9781451673708', 'Stolen Life', 'Simon & Schuster', 250, 'Jaycee Dugard recounts her harrowing experience of being kidnapped and held captive for 18 years.', 'https://d1w7fb2mkkr3kw.cloudfront.net/assets/images/book/mid/9781/4516/9781451673708.jpg', 'English'),
    ('9780143113997', 'Eat, Pray, Love', 'Riverhead Books', 350, 'Elizabeth Gilbert takes readers on a transformative journey as she travels to Italy, India, and Indonesia in search of self-discovery.', 'https://d1w7fb2mkkr3kw.cloudfront.net/assets/images/book/mid/9780/1431/9780143113997.jpg', 'English'),
    ('9781409177968', 'Stay Sexy and Don''t Get Murdered', 'Forge Books', 280, 'Karen Kilgariff and Georgia Hardstark share their personal stories and offer practical advice in this true crime and self-help hybrid.', 'https://d1w7fb2mkkr3kw.cloudfront.net/assets/images/book/mid/9781/4091/9781409177968.jpg', 'English'),
    ('9780593076118', 'Sprint', 'Bantam Press', 200, 'Jake Knapp presents a practical guide to solving big problems and testing new ideas in just five days using the concept of sprints.', 'https://d1w7fb2mkkr3kw.cloudfront.net/assets/images/book/mid/9780/5930/9780593076118.jpg', 'English'),
    ('9781844086825', 'Half The Sky', 'Virago', 400, 'Nicholas D. Kristof and Sheryl WuDunn explore the oppression and empowerment of women around the world and offer solutions to create a better future.', 'https://d1w7fb2mkkr3kw.cloudfront.net/assets/images/book/mid/9781/8440/9781844086825.jpg', 'English'),
    ('9780099519850', 'The Talent Code', 'Bantam Books', 250, 'Daniel Coyle delves into the secrets of talent development and provides insights on how to unlock your full potential.', 'https://d1w7fb2mkkr3kw.cloudfront.net/assets/images/book/mid/9780/0995/9780099519850.jpg', 'English'),
    ('9780471445500', 'Common Stocks and Uncommon Profits and Other Writings', 'Wiley', 320, 'Philip A. Fisher shares his investment philosophy and strategies for successful stock market investing.', 'https://d1w7fb2mkkr3kw.cloudfront.net/assets/images/book/mid/9780/4714/9780471445500.jpg', 'English'),
    ('9781610392761', 'The Culture Map', 'PublicAffairs', 280, 'Erin Meyer explores the impact of cultural differences on global business and provides strategies for navigating multicultural environments.', 'https://d1w7fb2mkkr3kw.cloudfront.net/assets/images/book/mid/9781/6103/9781610392761.jpg', 'English'),
    ('9780749939755', 'Tribes', 'Piatkus Books', 180, 'Seth Godin challenges the traditional notions of leadership and inspires individuals to create and lead their own tribes.', 'https://d1w7fb2mkkr3kw.cloudfront.net/assets/images/book/mid/9780/7499/9780749939755.jpg', 'English'),
    ('9780152057152', 'The Magic Hat', 'Houghton Mifflin Harcourt', 32, 'Join a group of animals as they discover the wonders of a magical hat in this delightful children''s book by Mem Fox.', 'https://d1w7fb2mkkr3kw.cloudfront.net/assets/images/book/mid/9780/1520/9780152057152.jpg', 'English'),
    ('9780141346830', 'Percy Jackson and the Battle of the Labyrinth (Book 4)', 'Puffin Books', 400, 'Rick Riordan continues the thrilling adventures of Percy Jackson as he navigates through the dangerous Labyrinth.', 'https://d1w7fb2mkkr3kw.cloudfront.net/assets/images/book/mid/9780/1413/9780141346830.jpg', 'English'),
    ('9780763633318', 'It''s Not the Stork!', 'Candlewick Press', 64, 'Robie H. Harris provides a thoughtfully written and illustrated book that introduces young children to the basics of human sexuality in a sensitive and age-appropriate way.', 'https://d1w7fb2mkkr3kw.cloudfront.net/assets/images/book/mid/9780/7636/9780763633318.jpg', 'English'),
    ('9780141362793', 'Soon', 'Penguin Books', 220, 'A heartwarming tale of adventure and friendship.', 'https://d1w7fb2mkkr3kw.cloudfront.net/assets/images/book/mid/9780/1413/9780141362793.jpg', 'English'),
    ('9780395669532', 'Imagine', 'Houghton Mifflin Harcourt', 180, 'Let your imagination soar with this captivating story.', 'https://d1w7fb2mkkr3kw.cloudfront.net/assets/images/book/mid/9780/3956/9780395669532.jpg', 'English'),
    ('9781908435132', 'The Maze Runner', 'Chicken House', 320, 'A thrilling dystopian novel that will keep you on the edge of your seat.', 'https://d1w7fb2mkkr3kw.cloudfront.net/assets/images/book/mid/9781/9084/9781908435132.jpg', 'English'),
    ('9780262560993', 'The Little Schemer', 'MIT Press', 200, 'An engaging introduction to the fundamentals of programming using Scheme.', 'https://d1w7fb2mkkr3kw.cloudfront.net/assets/images/book/mid/9780/2625/9780262560993.jpg', 'English'),
    ('9781681980799', 'How Do I Do That in Photoshop?', 'Rocky Nook', 400, 'Discover powerful Photoshop techniques and take your editing skills to the next level.', 'https://d1w7fb2mkkr3kw.cloudfront.net/assets/images/book/mid/9781/6819/9781681980799.jpg', 'English'),
    ('9780749481544', 'Confident Data Skills', 'Kogan Page', 300, 'Master the essential data skills needed in today''s data-driven world.', 'https://d1w7fb2mkkr3kw.cloudfront.net/assets/images/book/mid/9780/7494/9780749481544.jpg', 'English'),
    ('9781119405696', 'Agile Project Management For Dummies', 'For Dummies', 280, 'Learn agile project management methodologies to improve project success.', 'https://d1w7fb2mkkr3kw.cloudfront.net/assets/images/book/mid/9781/1194/9781119405696.jpg', 'English'),
    ('9780596009762', 'SQL Cookbook', 'O''Reilly Media', 500, 'Discover a collection of practical SQL recipes for solving complex database problems.', 'https://d1w7fb2mkkr3kw.cloudfront.net/assets/images/book/mid/9780/5960/9780596009762.jpg', 'English'),
    ('9781781571446', 'The 1000 Dot-to-Dot Book: Cityscapes', 'Ilex Press', 160, 'Unleash your creativity and connect the dots to reveal stunning cityscapes.', 'https://d1w7fb2mkkr3kw.cloudfront.net/assets/images/book/mid/9781/7815/9781781571446.jpg', 'English'),
    ('9780715318478', 'Ultimate Sashiko Sourcebook', 'Penguin Books', 256, 'A comprehensive guide to Sashiko embroidery techniques.', 'https://d1w7fb2mkkr3kw.cloudfront.net/assets/images/book/mid/9780/7153/9780715318478.jpg', 'English'),
    ('9781603425384', 'Around the Corner Crochet Borders', 'HarperCollins', 192, 'A collection of crochet border patterns to enhance your projects.', 'https://d1w7fb2mkkr3kw.cloudfront.net/assets/images/book/mid/9781/6034/9781603425384.jpg', 'English'),
    ('9781603420396', 'Beyond the Square Crochet Motifs', 'Simon & Schuster', 224, 'Unlock your creativity with unique crochet motifs.', 'https://d1w7fb2mkkr3kw.cloudfront.net/assets/images/book/mid/9781/6034/9781603420396.jpg', 'English'),
    ('9781856697057', 'Pattern Magic', 'Random House', 192, 'Explore the world of pattern making and design.', 'https://d1w7fb2mkkr3kw.cloudfront.net/assets/images/book/mid/9781/8566/9781856697057.jpg', 'English'),
    ('9780399534607', 'How To Be An Explorer Of The World', 'Macmillan Publishers', 208, 'Embrace your curiosity and discover the hidden wonders around you.', 'https://d1w7fb2mkkr3kw.cloudfront.net/assets/images/book/mid/9780/3995/9780399534607.jpg', 'English'),
    ('9780553813302', 'Echo Burning', 'Penguin Random House', 480, 'A gripping crime thriller filled with suspense and action.', 'https://d1w7fb2mkkr3kw.cloudfront.net/assets/images/book/mid/9780/5538/9780553813302.jpg', 'English'),
    ('9783980880275', 'Point it', 'Lonely Planet', 200, 'A handy visual dictionary for travelers.', 'https://d1w7fb2mkkr3kw.cloudfront.net/assets/images/book/mid/9783/9808/9783980880275.jpg', 'English'),
    ('9780262527132', 'How to Write a Thesis', 'MIT Press', 300, 'A comprehensive guide to writing a thesis.', 'https://d1w7fb2mkkr3kw.cloudfront.net/assets/images/book/mid/9780/2625/9780262527132.jpg', 'English'),
    ('9781447980254', 'The Practice of English Language Teaching 5th Edition', 'Pearson Education', 400, 'A popular guide for English language teachers.', 'https://d1w7fb2mkkr3kw.cloudfront.net/assets/images/book/mid/9781/4479/9781447980254.jpg', 'English'),
    ('9780544611610', 'Steering the Craft', 'Mariner Books', 250, 'A masterclass in the art of writing.', 'https://d1w7fb2mkkr3kw.cloudfront.net/assets/images/book/mid/9780/5446/9780544611610.jpg', 'English'),
    ('9780099529750', 'Mythologies', 'Vintage Books', 180, 'A thought-provoking exploration of cultural myths.', 'https://d1w7fb2mkkr3kw.cloudfront.net/assets/images/book/mid/9780/0995/9780099529750.jpg', 'English'),
    ('9781473630819', 'The Secret Lives of Colour', 'John Murray', 320, 'An intriguing exploration of colors and their historical significance.', 'https://d1w7fb2mkkr3kw.cloudfront.net/assets/images/book/mid/9781/4736/9781473630819.jpg', 'English'),
    ('9780241972137', 'The Spy and the Traitor', 'Penguin Books', 400, 'The thrilling true story of a KGB spy turned double agent.', 'https://d1w7fb2mkkr3kw.cloudfront.net/assets/images/book/mid/9780/2419/9780241972137.jpg', 'English'),
    ('9781845299477', 'A Brief History of the Samurai', 'Constable', 280, 'Uncover the fascinating history of samurai warriors.', 'https://d1w7fb2mkkr3kw.cloudfront.net/assets/images/book/mid/9781/8452/9781845299477.jpg', 'English'),
    ('9781473630833', 'The Secret Lives of Colour', 'HarperCollins', 250, 'A fascinating exploration of the hidden stories behind colors.', 'https://d1w7fb2mkkr3kw.cloudfront.net/assets/images/book/mid/9781/4736/9781473630833.jpg', 'English'),
    ('9781444783056', 'The Churchill Factor', 'Penguin Books', 320, 'An insightful examination of the leadership of Winston Churchill.', 'https://d1w7fb2mkkr3kw.cloudfront.net/assets/images/book/mid/9781/4447/9781444783056.jpg', 'English'),
    ('9781936976027', 'How Not to Be a Dick', 'Random House', 300, 'A humorous guide to navigating social situations with grace and tact.', 'https://d1w7fb2mkkr3kw.cloudfront.net/assets/images/book/mid/9781/9369/9781936976027.jpg', 'English'),
    ('9781405918831', 'More Fool Me', 'Simon & Schuster', 200, 'A witty memoir by renowned comedian Stephen Fry.', 'https://d1w7fb2mkkr3kw.cloudfront.net/assets/images/book/mid/9781/4059/9781405918831.jpg', 'English'),
    ('9781851688234', 'Packing for Mars', 'Houghton Mifflin Harcourt', 350, 'An intriguing exploration of the challenges of space travel.', 'https://d1w7fb2mkkr3kw.cloudfront.net/assets/images/book/mid/9781/8516/9781851688234.jpg', 'English'),
    ('9781623172435', 'Thus Spoke the Plant', 'Random House', 400, 'A captivating investigation into the intelligence of plants.', 'https://d1w7fb2mkkr3kw.cloudfront.net/assets/images/book/mid/9781/6231/9781623172435.jpg', 'English'),
    ('9780141039022', 'Notes from Walnut Tree Farm', 'Penguin Books', 250, 'A collection of insightful observations from the countryside.', 'https://d1w7fb2mkkr3kw.cloudfront.net/assets/images/book/mid/9780/1410/9780141039022.jpg', 'English'),
    ('9781909621985', 'My Family and Other Animals', 'HarperCollins', 300, 'A delightful memoir of the author''s childhood adventures.', 'https://d1w7fb2mkkr3kw.cloudfront.net/assets/images/book/mid/9781/9096/9781909621985.jpg', 'English'),
    ('9781447295266', 'A Year in the Life of the Yorkshire Shepherdess', 'Penguin Random House', 350, 'An inspiring tale of life on a remote farm in Yorkshire.', 'https://d1w7fb2mkkr3kw.cloudfront.net/assets/images/book/mid/9781/4472/9781447295266.jpg', 'English'),
    ('9780399533457', 'The Cloudspotter''s Guide', 'Weather Publishing', 400, 'A fascinating guide to cloud formations.', 'https://d1w7fb2mkkr3kw.cloudfront.net/assets/images/book/mid/9780/3995/9780399533457.jpg', 'English'),
    ('9780733329364', 'What''s Your Dog Telling You? Australia''s Best-Known Dog Communicator Explains Your Dog''s Behaviour', 'Doggy Publications', 300, 'Understanding your dog''s behavior and communication.', 'https://d1w7fb2mkkr3kw.cloudfront.net/assets/images/book/mid/9780/7333/9780733329364.jpg', 'English'),
    ('9781594488894', 'The Art of Happiness', 'Enlightenment Press', 200, 'Discovering the key to true happiness.', 'https://d1w7fb2mkkr3kw.cloudfront.net/assets/images/book/mid/9781/5944/9781594488894.jpg', 'English'),
    ('9780232527254', 'God of Surprises', 'Spiritual Insights', 250, 'Exploring the unexpected wonders of life.', 'https://d1w7fb2mkkr3kw.cloudfront.net/assets/images/book/mid/9780/2325/9780232527254.jpg', 'English'),
    ('9780060859510', 'Misquoting Jesus', 'Theological Publications', 350, 'Examining the discrepancies in biblical texts.', 'https://d1w7fb2mkkr3kw.cloudfront.net/assets/images/book/mid/9780/0608/9780060859510.jpg', 'English'),
    ('9780849922077', 'Heaven is for Real Movie Edition', 'Faithful Books', 280, 'A remarkable story of a boy''s journey to heaven.', 'https://d1w7fb2mkkr3kw.cloudfront.net/assets/images/book/mid/9780/8499/9780849922077.jpg', 'English'),
    ('9780373776573', 'The Darkest Seduction', 'Passionate Romance', 320, 'An intense romance filled with passion and desire.', 'https://d1w7fb2mkkr3kw.cloudfront.net/assets/images/book/mid/9780/3737/9780373776573.jpg', 'English'),
    ('9780099507383', 'Atonement', 'Literary Works', 400, 'A gripping tale of love, betrayal, and redemption.', 'https://d1w7fb2mkkr3kw.cloudfront.net/assets/images/book/mid/9780/0995/9780099507383.jpg', 'English'),
    ('9780141046310', 'Religion for Atheists', 'Secular Press', 280, 'Exploring the role of religion in society from an atheistic perspective.', 'https://d1w7fb2mkkr3kw.cloudfront.net/assets/images/book/mid/9780/1410/9780141046310.jpg', 'English'),
    ('9780241357187', 'Feminists Don''t Wear Pink (and other lies)', 'Empowering Books', 300, 'Challenging stereotypes and misconceptions about feminism.', 'https://d1w7fb2mkkr3kw.cloudfront.net/assets/images/book/mid/9780/2413/9780241357187.jpg', 'English'),
    ('9780241972069', 'A Mindfulness Guide for the Frazzled', 'Calm Publications', 200, 'Practical advice for finding calm and peace in a hectic world.', 'https://d1w7fb2mkkr3kw.cloudfront.net/assets/images/book/mid/9780/2419/9780241972069.jpg', 'English'),
    ('9780007554850', 'The Girl with Seven Names', 'True Stories Publishing', 450, 'A remarkable story of escape and survival from North Korea.', 'https://d1w7fb2mkkr3kw.cloudfront.net/assets/images/book/mid/9780/0075/9780007554850.jpg', 'English'),
    ('9781760292362', 'Fight Like a Girl', 'Empowerment Books', 400, 'A powerful exploration of feminism and gender equality.', 'https://d1w7fb2mkkr3kw.cloudfront.net/assets/images/book/mid/9781/7602/9781760292362.jpg', 'English'),
    ('9781784700089', 'Alan Turing: The Enigma', 'Penguin Books', 400, 'Alan Turing: The Enigma is a captivating biography that explores the life and accomplishments of the renowned mathematician and codebreaker, Alan Turing. From his groundbreaking work during World War II to his tragic personal struggles, this book provides a fascinating insight into the brilliant mind behind the modern computer.', 'https://d1w7fb2mkkr3kw.cloudfront.net/assets/images/book/mid/9781/7847/9781784700089.jpg', 'English'),
    ('9780141042701', 'Down and Out in Paris and London', 'HarperCollins', 320, 'Down and Out in Paris and London is a compelling memoir that chronicles George Orwell''s experiences of poverty and homelessness in two major European cities. With a keen eye for social injustice and a sharp wit, Orwell paints a vivid picture of the harsh realities faced by those living on the fringes of society.', 'https://d1w7fb2mkkr3kw.cloudfront.net/assets/images/book/mid/9780/1410/9780141042701.jpg', 'English'),
    ('9780671631987', 'Teach Your Child to Read in 100 Easy Lessons', 'Simon & Schuster', 200, 'Teach Your Child to Read in 100 Easy Lessons is a comprehensive guide that provides step-by-step instructions and engaging activities to help parents teach their children how to read. With its systematic approach and proven techniques, this book empowers parents to support their child''s reading development with confidence.', 'https://d1w7fb2mkkr3kw.cloudfront.net/assets/images/book/mid/9780/6716/9780671631987.jpg', 'English'),
    ('9780198324003', 'Oxford School Shakespeare: Macbeth', 'Oxford University Press', 160, 'Oxford School Shakespeare: Macbeth offers a comprehensive study of one of William Shakespeare''s most famous plays. With detailed analysis, insightful commentary, and helpful study aids, this edition is an essential resource for students and enthusiasts of Shakespearean literature.', 'https://d1w7fb2mkkr3kw.cloudfront.net/assets/images/book/mid/9780/1983/9780198324003.jpg', 'English'),
    ('9781586638467', 'Macbeth (No Fear Shakespeare)', 'Sparknotes', 128, 'Macbeth (No Fear Shakespeare) presents the original text of Shakespeare''s Macbeth alongside a modern-day translation, making it accessible and engaging for readers of all levels. With comprehensive annotations and helpful study tools, this edition helps readers fully appreciate the timeless themes and rich language of the play.', 'https://d1w7fb2mkkr3kw.cloudfront.net/assets/images/book/mid/9781/5866/9781586638467.jpg', 'English'),
    ('9780470915516', 'Making Thinking Visible', 'Wiley', 256, 'Making Thinking Visible is a groundbreaking book that explores strategies and techniques to promote critical thinking and problem-solving skills in the classroom. With practical examples and insightful research, this book equips educators with the tools to cultivate a culture of deep thinking and meaningful learning.', 'https://d1w7fb2mkkr3kw.cloudfront.net/assets/images/book/mid/9780/4709/9780470915516.jpg', 'English'),
    ('9781571109743', 'The Daily 5', 'Stenhouse Publishers', 240, 'The Daily 5 offers a proven framework for fostering literacy independence and a love for reading in elementary school students. With its practical strategies and flexible approach, this book empowers teachers to create a balanced literacy program that engages and motivates learners.', 'https://d1w7fb2mkkr3kw.cloudfront.net/assets/images/book/mid/9781/5711/9781571109743.jpg', 'English'),
    ('9781843104810', 'All Cats Have Asperger Syndrome', 'Jessica Kingsley Publishers', 72, 'All Cats Have Asperger Syndrome is a heartwarming and educational book that explores the characteristics of Asperger syndrome through charming illustrations and relatable cat behaviors. With its gentle approach, this book promotes understanding and acceptance of neurodiversity.', 'https://d1w7fb2mkkr3kw.cloudfront.net/assets/images/book/mid/9781/8431/9781843104810.jpg', 'English'),
    ('9781583944974', 'Yoga Sequencing', 'North Atlantic Books', 336, 'Yoga Sequencing is a comprehensive guide that provides yoga teachers and practitioners with valuable insights into creating effective and well-structured yoga sequences. With detailed instructions and customizable templates, this book empowers individuals to design practices that meet their unique needs and goals.', 'https://d1w7fb2mkkr3kw.cloudfront.net/assets/images/book/mid/9781/5839/9781583944974.jpg', 'English'),
    ('9780802412850', 'Five Love Languages of Children', 'Moody Publishers', 224, 'Five Love Languages of Children explores the different ways children give and receive love, helping parents and caregivers understand and communicate love effectively. With practical tips and real-life examples, this book strengthens parent-child relationships and fosters emotional well-being.', 'https://d1w7fb2mkkr3kw.cloudfront.net/assets/images/book/mid/9780/8024/9780802412850.jpg', 'English'),
    ('9781903348345', 'An Introductory Guide to Anatomy & Physiology', 'Pearson Education', 352, 'An Introductory Guide to Anatomy & Physiology provides a comprehensive overview of the human body''s structure and function. With clear explanations and detailed illustrations, this book is an ideal resource for students and anyone interested in understanding the complexities of the human body.', 'https://d1w7fb2mkkr3kw.cloudfront.net/assets/images/book/mid/9781/9033/9781903348345.jpg', 'English'),
    ('9780325074337', 'The Reading Strategies Book', 'Heinemann', 424, 'The Reading Strategies Book offers a wide range of effective strategies to help students develop strong reading skills and habits. With practical guidance and engaging lesson ideas, this book empowers educators to support students in becoming proficient and confident readers.', 'https://d1w7fb2mkkr3kw.cloudfront.net/assets/images/book/mid/9780/3250/9780325074337.jpg', 'English'),
    ('9781905862597', 'The Bee Garden', 'Kyle Books', 192, 'The Bee Garden is a delightful guide that explores the fascinating world of bees and how to create a bee-friendly garden. With practical tips and beautiful illustrations, this book inspires gardeners to cultivate spaces that attract and support these important pollinators.', 'https://d1w7fb2mkkr3kw.cloudfront.net/assets/images/book/mid/9781/9058/9781905862597.jpg', 'English'),
    ('9781447990420', 'Pearson Baccalaureate: Environmental Systems and Societies bundle 2nd edition', 'Pearson', 512, 'Pearson Baccalaureate: Environmental Systems and Societies bundle 2nd edition provides comprehensive coverage of the Environmental Systems and Societies course for the International Baccalaureate Diploma Programme. With its in-depth analysis and engaging activities, this book prepares students for success in the subject.', 'https://d1w7fb2mkkr3kw.cloudfront.net/assets/images/book/mid/9781/4479/9781447990420.jpg', 'English'),
    ('9780241380451', 'A Half Baked Idea', 'Penguin Random House', 368, 'A Half Baked Idea is a captivating memoir that follows Olivia Potts'' journey of self-discovery through the art of baking. With mouthwatering recipes and heartfelt anecdotes, this book celebrates the healing power of food and the joys of pursuing one''s passions.', 'https://d1w7fb2mkkr3kw.cloudfront.net/assets/images/book/mid/9780/2413/9780241380451.jpg', 'English'),
    ('9780470398920', 'The Art of the Confectioner', 'Wiley', 400, 'The Art of the Confectioner showcases the intricate and delicious world of pastry and confectionery. With stunning photography and detailed instructions, this book guides aspiring confectioners through the techniques and creativity required to create exquisite desserts.', 'https://d1w7fb2mkkr3kw.cloudfront.net/assets/images/book/mid/9780/4703/9780470398920.jpg', 'English'),
    ('9781853260254', 'The Odyssey', 'Penguin Books', 360, 'The Odyssey is one of the greatest epic poems of all time, telling the story of Odysseus and his ten-year journey home after the Trojan War.', 'https://d1w7fb2mkkr3kw.cloudfront.net/assets/images/book/mid/9781/8532/9781853260254.jpg', 'English'),
    ('9781107615496', 'Macbeth', 'Cambridge University Press', 200, 'Macbeth is one of William Shakespeare''s most famous tragedies, exploring themes of ambition, guilt, and the corrupting nature of power.', 'https://d1w7fb2mkkr3kw.cloudfront.net/assets/images/book/mid/9781/1076/9781107615496.jpg', 'English'),
    ('9780486285535', '100 Best-Loved Poems', 'Dover Publications', 128, '100 Best-Loved Poems features a collection of timeless poems from renowned poets, showcasing the beauty and power of poetry.', 'https://d1w7fb2mkkr3kw.cloudfront.net/assets/images/book/mid/9780/4862/9780486285535.jpg', 'English'),
    ('9781853262425', 'The Iliad', 'Penguin Books', 464, 'The Iliad is an ancient Greek epic poem by Homer, which depicts the events of the Trojan War and the legendary heroes involved.', 'https://d1w7fb2mkkr3kw.cloudfront.net/assets/images/book/mid/9781/8532/9781853262425.jpg', 'English'),
    ('9780062301673', 'How to Read Literature Like a Professor Revised Edition', 'Harper Perennial', 368, 'How to Read Literature Like a Professor Revised Edition offers valuable insights and techniques to enhance your understanding and enjoyment of literature.', 'https://d1w7fb2mkkr3kw.cloudfront.net/assets/images/book/mid/9780/0623/9780062301673.jpg', 'English'),
    ('9780241251805', 'Only Dull People Are Brilliant at Breakfast', 'Penguin Books', 160, 'Only Dull People Are Brilliant at Breakfast is a collection of witty and humorous quotes and observations by Oscar Wilde, one of the greatest playwrights in history.', 'https://d1w7fb2mkkr3kw.cloudfront.net/assets/images/book/mid/9780/2412/9780241251805.jpg', 'English'),
    ('9781849940764', '100 Diagrams That Changed The World', 'Thames & Hudson', 224, '100 Diagrams That Changed The World presents a visual history of groundbreaking ideas and concepts that have shaped various fields of knowledge and society.', 'https://d1w7fb2mkkr3kw.cloudfront.net/assets/images/book/mid/9781/8499/9781849940764.jpg', 'English'),
    ('9781408870365', 'Built', 'Bloomsbury Publishing', 352, 'Built explores the marvels of engineering and architecture through fascinating stories and examples, showcasing human ingenuity and the creation of iconic structures.', 'https://d1w7fb2mkkr3kw.cloudfront.net/assets/images/book/mid/9781/4088/9781408870365.jpg', 'English'),
    ('9781501106293', 'One Giant Leap', 'Simon & Schuster', 480, 'One Giant Leap tells the captivating story of the Apollo 11 moon landing, highlighting the incredible achievement and the impact it had on science, exploration, and human history.', 'https://d1w7fb2mkkr3kw.cloudfront.net/assets/images/book/mid/9780/8130/9780813056173.jpg', 'English'),
    ('9780813056173', 'Picturing Apollo 11', 'University Press of Florida', 256, 'Picturing Apollo 11 features a stunning collection of photographs documenting the historic Apollo 11 mission, providing a visual narrative of the journey to the moon.', 'https://d1w7fb2mkkr3kw.cloudfront.net/assets/images/book/mid/9780/8130/9780813056173.jpg', 'English'),
    ('9780123819598', 'Sketching User Experiences: The Workbook', 'Morgan Kaufmann', 256, 'Sketching User Experiences: The Workbook offers practical exercises and techniques to improve your skills in sketching and prototyping user interfaces.', 'https://d1w7fb2mkkr3kw.cloudfront.net/assets/images/book/mid/9780/1238/9780123819598.jpg', 'English');




                                             ;
-- SCHOOL ΒΟΟΚ AUTHOR
INSERT INTO Book_author (author, ISBN) VALUES
    ('Scott Stossel', '9780099592068'),
    ('Michael O''Brien', '9780099592068'),
    ('Scott Stossel', '9780323545037'),
    ('Jason B. Luoma', '9781626259492'),
    ('Kathryn Hansen', '9780984481743'),
    ('Tony Attwood', '9781849059206'),
    ('Tony Attwood', '9781451673708'),
    ('Tony Attwood', '9780140194715'),
    ('Tony Attwood', '9780831400705'),
    ('Michael O''Brien', '9780702034473'),
    ('Michael O''Brien', '9780190930967'),
    ('Michael O''Brien', '9780140194715'),
    ('Michael O''Brien', '9780062515421'),
    ('John McDougall', '9780062426765'),
    ('Fredrike Bannink', '9780393706345'),
    ('Virginia M. Satir', '9780831400705'),
    ('Emily Johnson', '9780099592068'),
    ('Michael Pollan', '9780323545037'),
    ('Michael Pollan', '9781849059206'),
    ('Michael Pollan', '9780141985138'),
    ('Nassim Nicholas Taleb', '9780141034591'),
    ('Jon Ronson', '9780330492270'),
    ('Carlo Rovelli', '9780141981727'),
    ('Rachel Ignotofsky', '9780881792126'),
    ('Rachel Ignotofsky', '9780713490749'),
    ('Rachel Ignotofsky', '9780060989156'),
    ('Norman Doidge', '9780143113102'),
    ('J.K. Rowling', '9780762463107'),
    ('Shinichi Suzuki', '9780739048177'),
    ('Rosie Martin', '9780713490749'),
    ('Robert Bringhurst', '9780881792126'),
    ('Alfred Music', '9780739015575'),
    ('Neil Strauss', '9780060989156'),
    ('Carlos Fuentes', '9780810959545'),
    ('Shaun Bythell', '9781781258637'),
    ('Jaycee Dugard', '9781451673708'),
    ('Elizabeth Gilbert', '9780143113997'),
    ('Elizabeth Gilbert', '9780739015575'),
    ('Elizabeth Gilbert', '9780399534607'),
    ('Elizabeth Gilbert', '9780813056173'),
    ('Elizabeth Gilbert', '9780141362793'),
    ('Elizabeth Gilbert', '9780099529750'),
    ('Elizabeth Gilbert', '9781844086825'),
    ('Georgia Hardstark', '9780123819598'),
    ('Georgia Hardstark', '9780593076118'),
    ('Georgia Hardstark', '9780471445500'),
    ('Erin Meyer', '9781610392761'),
    ('Nicholas D. Kristof', '9781844086825'),
    ('Georgia Hardstark', '9780099519850'),
    ('Seth Godin', '9780749939755'),
    ('Mem Fox', '9780152057152'),
    ('Rick Riordan', '9780141346830'),
    ('Robie H. Harris', '9780763633318'),
    ('Morris Gleitzman', '9780141362793'),
    ('Morris Gleitzman', '9780395669532'),
    ('James Dashner', '9781908435132'),
    ('Daniel P. Friedman', '9780262560993'),
    ('Leslie Alsheimer', '9781681980799'),
    ('Hans Rosling', '9780749481544'),
    ('Hans Rosling', '9781119405696'),
    ('Hans Rosling', '9780596009762'),
    ('Thomas Pavitte', '9781781571446'),
    ('Thomas Pavitte', '9780141362793'),
    ('Thomas Pavitte', '9781681980799'),
    ('Thomas Pavitte', '9781908435132'),
    ('Matthew Evans', '9781681980799'),
    ('Olivia White', '9781681980799'),
    ('Olivia White', '9780749481544'),
    ('Olivia White', '9780596009762'),
    ('James Harris', '9780596009762'),
    ('James Harris', '9781781571446'),
    ('Alexander Wright', '9781781571446'),
    ('Edie Eckman', '9780715318478'),
    ('Edie Eckman', '9781603425384'),
    ('Edie Eckman', '9781603420396'),
    ('Tomoko Nakamichi', '9781856697057'),
    ('Keri Smith', '9780399534607'),
    ('Lee Child', '9780553813302'),
    ('Lee Child', '9783980880275'),
    ('Umberto Eco', '9780262527132'),
    ('Lee Child', '9781447980254'),
    ('Ursula K Le Guin', '9780544611610'),
    ('Roland Barthes', '9780099529750'),
    ('Kassia St. Clair', '9781473630819'),
    ('Ben Macintyre', '9780241972137'),
    ('Jonathan Clements', '9781845299477'),
    ('Kassia St. Clair', '9781473630833'),
    ('Boris Johnson', '9781444783056'),
    ('Kassia St. Clair', '9781936976027'),
    ('Kassia St. Clair', '9781405918831'),
    ('Kassia St. Clair', '9781851688234'),
    ('Kassia St. Clair', '9781623172435'),
    ('Roger Deakin', '9780141039022'),
    ('Gerald Durrell', '9781909621985'),
    ('Amanda Owen', '9781447295266'),
    ('Gavin Pretor-Pinney', '9780399533457'),
    ('Martin McKenna', '9780733329364'),
    ('Dalai Lama', '9781594488894'),
    ('Gerard W. Hughes', '9780232527254'),
    ('Bart D. Ehrman', '9780060859510'),
    ('Todd Burpo', '9780849922077'),
    ('Gena Showalter', '9780373776573'),
    ('Ian McEwan', '9780099507383'),
    ('Alain de Botton', '9780141046310'),
    ('Ruby Wax', '9780241357187'),
    ('Ruby Wax', '9780241972069'),
    ('Hyeonseo Lee', '9780007554850'),
    ('Clementine Ford', '9781760292362'),
    ('Andrew Hodges', '9781784700089'),
    ('George Orwell', '9780141042701'),
    ('Siegfried Engelmann', '9780671631987'),
    ('William Shakespeare', '9780198324003'),
    ('Sparknotes', '9781586638467'),
    ('Ron Ritchhart', '9780470915516'),
    ('Gail Boushey', '9781571109743'),
    ('Kathy Hoopmann', '9781843104810'),
    ('Mark Stephens', '9781583944974'),
    ('Ross  Gary', '9780802412850'),
    ('Campbell Chapman', '9780802412850'),
    ('Louise Tucker', '9781903348345'),
    ('Jennifer Serravallo', '9780325074337'),
    ('Maureen Little', '9781905862597'),
    ('Andrew Davis', '9781447990420'),
    ('Olivia Potts', '9780241380451'),
    ('Ewald Notter', '9780470398920'),
    ('Homer', '9781853260254'),
    ('Vicki Wienand', '9781107615496'),
    ('Philip Smith', '9780486285535'),
    ('Homer', '9781853262425'),
    ('Thomas C. Foster', '9780062301673'),
    ('Oscar Wilde', '9780241251805'),
    ('Scott Christianson', '9781849940764'),
    ('Roma Agrawal', '9781408870365'),
    ('Charles Fishman', '9781501106293'),
    ('J.L. Pickering', '9780813056173'),
    ('Bill Buxton', '9780123819598');

-- INSERT ΒΟΟΚ THEMATIC CATEGORY
INSERT INTO Book_thematic_category (thematic_category, ISBN) VALUES
    ('Medical', '9780099592068'),
    ('Medical', '9780323545037'),
    ('Medical', '9781626259492'),
    ('Medical', '9780984481743'),
    ('Medical', '9781849059206'),
    ('Medical', '9780702034473'),
    ('Medical', '9780190930967'),
    ('Medical', '9780140194715'),
    ('Medical', '9780062515421'),
    ('Medical', '9780062426765'),
    ('Medical', '9780393706345'),
    ('Medical', '9780831400705'),
    ('Psychology', '9780141985138'),
    ('Self-Help', '9780141985138'),
    ('Business', '9780141034591'),
    ('Philosophy', '9780141034591'),
    ('Crime', '9780330492270'),
    ('Psychology', '9780330492270'),
    ('Science', '9780141981727'),
    ('Physics', '9780141981727'),
    ('Women''s Studies', '9781607749769'),
    ('Biography', '9781607749769'),
    ('Science', '9780143113102'),
    ('Neuroscience', '9780143113102'),
    ('Art', '9780762463107'),
    ('Photography', '9780762463107'),
    ('Art', '9780713490749'),
    ('Photography', '9780713490749'),
    ('Art', '9780881792126'),
    ('Photography', '9780881792126'),
    ('Art', '9780739015575'),
    ('Photography', '9780739015575'),
    ('Biography', '9780060989156'),
    ('Biography', '9780810959545'),
    ('Biography', '9781781258637'),
    ('Biography', '9781451673708'),
    ('Biography', '9780143113997'),
    ('Biography', '9781409177968'),
    ('Business', '9780593076118'),
    ('Law', '9780593076118'),
    ('Finance', '9780593076118'),
    ('Business', '9781844086825'),
    ('Law', '9781844086825'),
    ('Business', '9781610392761'),
    ('Business', '9780749939755'),
    ('Finance', '9780749939755'),
    ('Childrens Book', '9780152057152'),
    ('Childrens Book', '9780141346830'),
    ('Childrens Book', '9780763633318'),
    ('Childrens Book', '9780141362793'),
    ('Childrens Book', '9780395669532'),
    ('Computing', '9781908435132'),
    ('Computing', '9780262560993'),
    ('Computing', '9781681980799'),
    ('Computing', '9780749481544'),
    ('Computing', '9781119405696'),
    ('Computing', '9780596009762'),
    ('Art', '9781781571446'),
    ('Crafts and Hobbies', '9781781571446'),
    ('Crafts and Hobbies', '9780715318478'),
    ('Crafts and Hobbies', '9781603425384'),
    ('Crafts and Hobbies', '9781603420396'),
    ('Crafts and Hobbies', '9781856697057'),
    ('Crafts and Hobbies', '9780399534607'),
    ('Crime', '9780553813302'),
    ('Thriller', '9780553813302'),
    ('Dictionaries', '9783980880275'),
    ('Languages', '9783980880275'),
    ('Dictionaries', '9780262527132'),
    ('Languages', '9780262527132'),
    ('Dictionaries', '9781447980254'),
    ('Languages', '9781447980254'),
    ('Dictionaries', '9780544611610'),
    ('Languages', '9780544611610'),
    ('Dictionaries', '9780099529750'),
    ('Languages', '9780099529750'),
    ('History', '9781473630819'),
    ('Archaeology', '9781473630819'),
    ('History', '9780241972137'),
    ('Archaeology', '9780241972137'),
    ('History', '9781845299477'),
    ('Archaeology', '9781845299477'),
    ('History', '9781473630833'),
    ('Archaeology', '9781473630833'),
    ('History', '9781444783056'),
    ('Archaeology', '9781444783056'),
    ('Humour', '9781936976027'),
    ('Humour', '9781405918831'),
    ('Humour', '9781851688234'),
    ('Natural History', '9781623172435'),
    ('Natural History', '9780141039022'),
    ('Natural History', '9781909621985'),
    ('Natural History', '9781447295266'),
    ('Natural History', '9780399533457'),
    ('Natural History', '9780733329364'),
    ('Religion', '9781594488894'),
    ('Religion', '9780232527254'),
    ('Religion', '9780060859510'),
    ('Religion', '9780849922077'),
    ('Romance', '9780373776573'),
    ('Romance', '9780099507383'),
    ('Society', '9780141046310'),
    ('Social Sciences', '9780141046310'),
    ('Society', '9780241357187'),
    ('Social Sciences', '9780241357187'),
    ('Society', '9780241972069'),
    ('Social Sciences', '9780241972069'),
    ('Society', '9780007554850'),
    ('Social Sciences', '9780007554850'),
    ('Society', '9781760292362'),
    ('Social Sciences', '9781760292362'),
    ('Society', '9781784700089'),
    ('Social Sciences', '9781784700089'),
    ('Society', '9780141042701'),
    ('Social Sciences', '9780141042701'),
    ('Teaching Resources', '9780671631987'),
    ('Education', '9780671631987'),
    ('Teaching Resources', '9780198324003'),
    ('Education', '9780198324003'),
    ('Teaching Resources', '9781586638467'),
    ('Education', '9781586638467'),
    ('Teaching Resources', '9780470915516'),
    ('Education', '9780470915516'),
    ('Teaching Resources', '9781571109743'),
    ('Education', '9781571109743'),
    ('Teaching Resources', '9781843104810'),
    ('Education', '9781843104810'),
    ('Teaching Resources', '9781583944974'),
    ('Education', '9781583944974'),
    ('Teaching Resources', '9780802412850'),
    ('Education', '9780802412850'),
    ('Teaching Resources', '9781903348345'),
    ('Education', '9781903348345'),
    ('Teaching Resources', '9780325074337'),
    ('Education', '9780325074337'),
    ('Technology', '9781905862597'),
    ('Engineering', '9781905862597'),
    ('Technology', '9781447990420'),
    ('Engineering', '9781447990420'),
    ('Technology', '9780241380451'),
    ('Engineering', '9780241380451'),
    ('Technology', '9780470398920'),
    ('Engineering', '9780470398920'),
    ('Poetry', '9781853260254'),
    ('Drama', '9781853260254'),
    ('Poetry', '9781107615496'),
    ('Drama', '9781107615496'),
    ('Poetry', '9780486285535'),
    ('Drama', '9780486285535'),
    ('Poetry', '9781853262425'),
    ('Drama', '9781853262425'),
    ('Poetry', '9780062301673'),
    ('Drama', '9780062301673'),
    ('Poetry', '9780241251805'),
    ('Drama', '9780241251805'),
    ('Technology', '9781849940764'),
    ('Engineering', '9781849940764'),
    ('Technology', '9781408870365'),
    ('Engineering', '9781408870365'),
    ('Technology', '9781501106293'),
    ('Engineering', '9781501106293'),
    ('Technology', '9780813056173'),
    ('Engineering', '9780813056173'),
    ('Technology', '9780123819598'),
    ('Engineering', '9780123819598');

-- INSERT ΒΟΟΚ KEYWORD
INSERT INTO Book_keyword (keyword, ISBN) VALUES
    ('Anxiety', '9780099592068'),
    ('Mental Health', '9780099592068'),
    ('Psychology', '9780099592068'),
    ('Anatomy', '9780323545037'),
    ('Coloring Book', '9780323545037'),
    ('Medical Illustration', '9780323545037'),
    ('Acceptance and Commitment Therapy', '9781626259492'),
    ('Psychological Flexibility', '9781626259492'),
    ('Cognitive Behavioral Therapy', '9781626259492'),
    ('Binge Eating Disorder', '9780984481743'),
    ('Eating Disorder Recovery', '9780984481743'),
    ('Mindfulness', '9780984481743'),
    ('Autism', '9781849059206'),
    ('Asperger''s Disorder', '9781849059206'),
    ('Emotional Development', '9781849059206'),
    ('Neurology', '9780702034473'),
    ('Medical Examination', '9780702034473'),
    ('Nervous System', '9780702034473'),
    ('Play-Based Learning', '9780190930967'),
    ('Child Development', '9780190930967'),
    ('Education', '9780190930967'),
    ('Bioenergetics', '9780140194715'),
    ('Mind-Body Connection', '9780140194715'),
    ('Psychosomatics', '9780140194715'),
    ('Meditation', '9780062515421'),
    ('Mindfulness', '9780062515421'),
    ('Stress Reduction', '9780062515421'),
    ('Plant-Based Diet', '9780062426765'),
    ('Healthy Eating', '9780062426765'),
    ('Nutrition', '9780062426765'),
    ('Solution-Focused Therapy', '9780393706345'),
    ('Counseling', '9780393706345'),
    ('Positive Psychology', '9780393706345'),
    ('Family Therapy', '9780831400705'),
    ('Relationships', '9780831400705'),
    ('Personal Growth', '9780831400705'),
    ('Mind', '9780141985138'),
    ('Psychedelic', '9780141985138'),
    ('Change', '9780141985138'),
    ('Swan', '9780141034591'),
    ('Unpredictable', '9780141034591'),
    ('Psychopath', '9780330492270'),
    ('Diagnosis', '9780330492270'),
    ('Physics', '9780141981727'),
    ('Lessons', '9780141981727'),
    ('Women', '9781607749769'),
    ('Science', '9781607749769'),
    ('Brain', '9780143113102'),
    ('Neuroplasticity', '9780143113102'),
    ('Inspiration', '9780141985138'),
    ('Explore', '9780141985138'),
    ('Complexity', '9780141985138'),
    ('Black', '9780141034591'),
    ('Randomness', '9780141034591'),
    ('Behavior', '9780330492270'),
    ('Mental', '9780330492270'),
    ('Quantum', '9780141981727'),
    ('Curiosity', '9780141981727'),
    ('Equality', '9781607749769'),
    ('Innovation', '9781607749769'),
    ('Neuroscience', '9780143113102'),
    ('Harry Potter', '9780762463107'),
    ('Magic', '9780762463107'),
    ('Fantasy', '9780762463107'),
    ('Violin', '9780739048177'),
    ('Music', '9780739048177'),
    ('Education', '9780739048177'),
    ('Botanical Illustration', '9780713490749'),
    ('Art', '9780713490749'),
    ('Nature', '9780713490749'),
    ('Typography', '9780881792126'),
    ('Design', '9780881792126'),
    ('Typography Guide', '9780881792126'),
    ('Flash Cards', '9780739015575'),
    ('Music Theory', '9780739015575'),
    ('Education', '9780739015575'),
    ('Rock Band', '9780060989156'),
    ('Memoir', '9780060989156'),
    ('Music Industry', '9780060989156'),
    ('Frida Kahlo', '9780810959545'),
    ('Art', '9780810959545'),
    ('Mexico', '9780810959545'),
    ('Bookseller', '9781781258637'),
    ('Memoir', '9781781258637'),
    ('Bookstore', '9781781258637'),
    ('Abduction', '9781451673708'),
    ('Survival', '9781451673708'),
    ('Memoir', '9781451673708'),
    ('Travel', '9780143113997'),
    ('Self-discovery', '9780143113997'),
    ('Spirituality', '9780143113997'),
    ('True Crime', '9781409177968'),
    ('Comedy', '9781409177968'),
    ('Personal Growth', '9781409177968'),
    ('Productivity', '9780593076118'),
    ('Business', '9780593076118'),
    ('Innovation', '9780593076118'),
    ('Women Empowerment', '9781844086825'),
    ('Social Issues', '9781844086825'),
    ('Gender Equality', '9781844086825'),
    ('Talent Development', '9780099519850'),
    ('Learning', '9780099519850'),
    ('Skill Building', '9780099519850'),
    ('Investing', '9780471445500'),
    ('Stock Market', '9780471445500'),
    ('Value Investing', '9780471445500'),
    ('Cross-cultural Communication', '9781610392761'),
    ('Global Business', '9781610392761'),
    ('Workplace Dynamics', '9781610392761'),
    ('Tribes', '9780749939755'),
    ('Leadership', '9780749939755'),
    ('Community', '9780749939755'),
    ('Magic Hat', '9780152057152'),
    ('Imagination', '9780152057152'),
    ('Friendship', '9780152057152'),
    ('Percy Jackson', '9780141346830'),
    ('Greek Mythology', '9780141346830'),
    ('Adventure', '9780141346830'),
    ('Sex Education', '9780763633318'),
    ('Puberty', '9780763633318'),
    ('Human Body', '9780763633318'),
    ('Adventure', '9780141362793'),
    ('Friendship', '9780141362793'),
    ('Imagination', '9780395669532'),
    ('Captivating', '9780395669532'),
    ('Dystopian', '9781908435132'),
    ('Thriller', '9781908435132'),
    ('Introduction', '9780262560993'),
    ('Programming', '9780262560993'),
    ('Photoshop', '9781681980799'),
    ('Editing', '9781681980799'),
    ('Data Skills', '9780749481544'),
    ('Data-driven', '9780749481544'),
    ('Agile Project Management', '9781119405696'),
    ('Project Success', '9781119405696'),
    ('SQL Cookbook', '9780596009762'),
    ('Database Problems', '9780596009762'),
    ('Dot-to-Dot Book', '9781781571446'),
    ('Creativity', '9781781571446'),
    ('Art', '9781781571446'),
    ('Sashiko Sourcebook', '9780715318478'),
    ('Embroidery Techniques', '9780715318478'),
    ('Adventure', '9780715318478'),
    ('Crochet Borders', '9781603425384'),
    ('Crochet Projects', '9781603425384'),
    ('Crochet Motifs', '9781603420396'),
    ('Unique Designs', '9781603420396'),
    ('Crafts', '9781603420396'),
    ('Pattern Magic', '9781856697057'),
    ('Pattern Making', '9781856697057'),
    ('Explorer Of The World', '9780399534607'),
    ('Curiosity', '9780399534607'),
    ('Crime Thriller', '9780553813302'),
    ('Suspense', '9780553813302'),
    ('Language Learning', '9783980880275'),
    ('Travel', '9783980880275'),
    ('Academic Writing', '9780262527132'),
    ('Research', '9780262527132'),
    ('English Teaching', '9781447980254'),
    ('Language Education', '9781447980254'),
    ('Writing Skills', '9780544611610'),
    ('Creative Writing', '9780544611610'),
    ('Semiotics', '9780099529750'),
    ('Cultural Studies', '9780099529750'),
    ('Art History', '9781473630819'),
    ('Color Theory', '9781473630819'),
    ('Espionage', '9780241972137'),
    ('Cold War', '9780241972137'),
    ('Samurai Culture', '9781845299477'),
    ('Feudal Japan', '9781845299477'),
    ('Art History', '9781473630833'),
    ('Color Theory', '9781473630833'),
    ('Biography', '9781444783056'),
    ('World War II', '9781444783056'),
    ('Satire', '9781936976027'),
    ('Etiquette', '9781936976027'),
    ('Memoir', '9781405918831'),
    ('Autobiography', '9781405918831'),
    ('Space Exploration', '9781851688234'),
    ('Science Writing', '9781851688234'),
    ('Botany', '9781623172435'),
    ('Plant Communication', '9781623172435'),
    ('Nature Writing', '9780141039022'),
    ('Environmentalism', '9780141039022'),
    ('Zoology', '9781909621985'),
    ('Memoir', '9781909621985'),
    ('Farm Life', '9781447295266'),
    ('Rural Living', '9781447295266'),
    ('Clouds', '9780399533457'),
    ('Weather', '9780399533457'),
    ('Nature', '9780399533457'),
    ('Dog behavior', '9780733329364'),
    ('Pet communication', '9780733329364'),
    ('Happiness', '9781594488894'),
    ('Self-improvement', '9781594488894'),
    ('Surprises', '9780232527254'),
    ('Life''s wonders', '9780232527254'),
    ('Biblical studies', '9780060859510'),
    ('Scriptural analysis', '9780060859510'),
    ('Religious', '9780060859510'),
    ('Heaven', '9780849922077'),
    ('Divine encounters', '9780849922077'),
    ('Romance', '9780373776573'),
    ('Passion', '9780373776573'),
    ('Desire', '9780373776573'),
    ('Atonement', '9780099507383'),
    ('Redemption', '9780099507383'),
    ('Love story', '9780099507383'),
    ('Atheism', '9780141046310'),
    ('Secular perspective', '9780141046310'),
    ('Religion critique', '9780141046310'),
    ('Feminism', '9780241357187'),
    ('Gender equality', '9780241357187'),
    ('Women empowerment', '9780241357187'),
    ('Mindfulness', '9780241972069'),
    ('Stress relief', '9780241972069'),
    ('Mental well-being', '9780241972069'),
    ('True story', '9780007554850'),
    ('Escape', '9780007554850'),
    ('Survival', '9780007554850'),
    ('Feminism', '9781760292362'),
    ('Gender equality', '9781760292362'),
    ('Empowerment', '9781760292362'),
    ('Biography', '9781784700089'),
    ('Mathematics', '9781784700089'),
    ('Codebreaking', '9781784700089'),
    ('World War II', '9781784700089'),
    ('Poverty', '9780141042701'),
    ('Social injustice', '9780141042701'),
    ('Parenting', '9780671631987'),
    ('Reading instruction', '9780671631987'),
    ('Literacy', '9780671631987'),
    ('Shakespeare', '9780198324003'),
    ('Play analysis', '9780198324003'),
    ('Macbeth', '9780198324003'),
    ('Shakespeare', '9781586638467'),
    ('Play translation', '9781586638467'),
    ('Annotations', '9781586638467'),
    ('Education', '9780470915516'),
    ('Critical thinking', '9780470915516'),
    ('Problem-solving', '9780470915516'),
    ('Literacy program', '9781571109743'),
    ('Elementary education', '9781571109743'),
    ('Reading motivation', '9781571109743'),
    ('Asperger syndrome', '9781843104810'),
    ('Neurodiversity', '9781843104810'),
    ('Yoga', '9781583944974'),
    ('Sequencing', '9781583944974'),
    ('Parenting', '9780802412850'),
    ('Emotional well-being', '9780802412850'),
    ('Love languages', '9780802412850'),
    ('Anatomy', '9781903348345'),
    ('Physiology', '9781903348345'),
    ('Human body', '9781903348345'),
    ('Reading strategies', '9780325074337'),
    ('Educational techniques', '9780325074337'),
    ('Beekeeping', '9781905862597'),
    ('Gardening', '9781905862597'),
    ('Environmental systems', '9781447990420'),
    ('Societies', '9781447990420'),
    ('International Baccalaureate', '9781447990420'),
    ('Memoir', '9780241380451'),
    ('Epic poetry', '9781853260254'),
    ('Greek mythology', '9781853260254'),
    ('Adventure', '9781853260254'),
    ('Tragedy', '9781107615496'),
    ('Ambition', '9781107615496'),
    ('Guilt', '9781107615496'),
    ('Power', '9781107615496'),
    ('Poetry', '9780486285535'),
    ('Timeless', '9780486285535'),
    ('Trojan War', '9781853262425'),
    ('Heroes', '9781853262425'),
    ('Literary analysis', '9780062301673'),
    ('Literary enjoyment', '9780062301673'),
    ('Wit', '9780241251805'),
    ('Humor', '9780241251805'),
    ('Oscar Wilde', '9780241251805'),
    ('History', '9781849940764'),
    ('Concepts', '9781849940764'),
    ('Engineering', '9781408870365'),
    ('Architecture', '9781408870365'),
    ('Human ingenuity', '9781408870365'),
    ('Moon landing', '9781501106293'),
    ('Apollo 11', '9781501106293'),
    ('Science', '9781501106293'),
    ('Photography', '9780813056173'),
    ('Apollo 11 mission', '9780813056173'),
    ('User interfaces', '9780123819598'),
    ('Sketching', '9780123819598');

-- INSERT INTO BELONGS_TO
INSERT INTO Belongs_to (school_id, ISBN, copies_available) VALUES
    ('101', '9780099592068', 5),
    ('102', '9780323545037', 3),
    ('202', '9780323545037', 9),
    ('201', '9781626259492', 2),
    ('202', '9780984481743', 7),
    ('301', '9781849059206', 2),
    ('101', '9780702034473', 4),
    ('102', '9780190930967', 3),
    ('201', '9780190930967', 4),
    ('101', '9780190930967', 5),
    ('201', '9780984481743', 6),
    ('202', '9780140194715', 5),
    ('301', '9780062515421', 4),
    ('202', '9780062515421', 5),
    ('101', '9780062426765', 2),
    ('102', '9780393706345', 3),
    ('201', '9780831400705', 3),
    ('202', '9780141985138', 4),
    ('301', '9780141034591', 2),
    ('301', '9780330492270', 5),
    ('101', '9780141981727', 8),
    ('102', '9781607749769', 3),
    ('201', '9780143113102', 6),
    ('202', '9780762463107', 2),
    ('301', '9780739048177', 10),
    ('101', '9780713490749', 0),
    ('102', '9780713490749', 2),
    ('102', '9780881792126', 4),
    ('201', '9780739015575', 1),
    ('202', '9780060989156', 9),
    ('101', '9780810959545', 5),
    ('102', '9781781258637', 3),
    ('201', '9781451673708', 4),
    ('202', '9780143113997', 7),
    ('301', '9781409177968', 2),
    ('101', '9780593076118', 6),
    ('102', '9781844086825', 8),
    ('201', '9780099519850', 3),
    ('202', '9780471445500', 9),
    ('301', '9781610392761', 5),
    ('101', '9780749939755', 1),
    ('102', '9780152057152', 10),
    ('201', '9780152057152', 0),
    ('201', '9780141346830', 6),
    ('202', '9780763633318', 3),
    ('101', '9780141362793', 0),
    ('102', '9780395669532', 6),
    ('101', '9780395669532', 1),
    ('201', '9781908435132', 2),
    ('202', '9780262560993', 5),
    ('301', '9781681980799', 3),
    ('202', '9781681980799', 3),
    ('101', '9780749481544', 8),
    ('102', '9781119405696', 2),
    ('201', '9780596009762', 7),
    ('202', '9781781571446', 4),
    ('301', '9780715318478', 5),
    ('101', '9781603425384', 3),
    ('102', '9781603420396', 6),
    ('201', '9781856697057', 2),
    ('202', '9780399534607', 4),
    ('301', '9780553813302', 1),
    ('101', '9783980880275', 3),
    ('102', '9780262527132', 5),
    ('201', '9781447980254', 4),
    ('202', '9780544611610', 2),
    ('301', '9780099529750', 6),
    ('101', '9781473630819', 3),
    ('102', '9780241972137', 4),
    ('201', '9781845299477', 2),
    ('202', '9781473630833', 5),
    ('301', '9781444783056', 3),
    ('101', '9781936976027', 6),
    ('102', '9781405918831', 2),
    ('201', '9781851688234', 4),
    ('202', '9781623172435', 3),
    ('301', '9780141039022', 5),
    ('101', '9781909621985', 0),
    ('102', '9781447295266', 4),
    ('101', '9780399533457', 5),
    ('102', '9780733329364', 3),
    ('201', '9781594488894', 9),
    ('202', '9780232527254', 4),
    ('301', '9780060859510', 2),
    ('101', '9780849922077', 7),
    ('102', '9780373776573', 1),
    ('201', '9780099507383', 8),
    ('202', '9780141046310', 6),
    ('101', '9780241357187', 1),
    ('301', '9780241357187', 12),
    ('101', '9780241972069', 10),
    ('102', '9780007554850', 11),
    ('201', '9781760292362', 5),
    ('101', '9781784700089', 3),
    ('102', '9780141042701', 7),
    ('201', '9780671631987', 5),
    ('202', '9780198324003', 2),
    ('301', '9781586638467', 1),
    ('101', '9780470915516', 6),
    ('102', '9781571109743', 8),
    ('201', '9781843104810', 4),
    ('202', '9781583944974', 3),
    ('301', '9780802412850', 7),
    ('101', '9781903348345', 5),
    ('102', '9780325074337', 2),
    ('201', '9781905862597', 4),
    ('202', '9781447990420', 6),
    ('301', '9780241380451', 3),
    ('101', '9780470398920', 5),
    ('101', '9781853260254', 2),
    ('102', '9781853260254', 4),
    ('102', '9781107615496', 2),
    ('201', '9780486285535', 2),
    ('202', '9780486285535', 7),
    ('202', '9781853262425', 4),
    ('201', '9781853262425', 6),
    ('101', '9781853262425', 6),
    ('301', '9780062301673', 3),
    ('101', '9780241251805', 0),
    ('102', '9781849940764', 2),
    ('201', '9781408870365', 8),
    ('202', '9781501106293', 3),
    ('301', '9780813056173', 15),
    ('202', '9780062301673', 3),
    ('101', '9780123819598', 4),
    ('102', '9780486285535', 2);

-- INSERT INTO ADMINISTRATOR
INSERT INTO Administrator (admin_username, admin_password, first_name, last_name, email)
VALUES ('adminak', '3nX!p2B$7', 'Alexandra', 'Kourou', 'alexandrakouros@gmail.com');

-- INSERT INTO USER
INSERT INTO User (user_id, school_id, username, password, user_type, email, first_name, last_name, date_of_birth, account_status) VALUES
-- School ID 101
    (1001, 101, 'mardimitriou', 'D3p!hJ#9', 'operator', 'mard@gmail.com', 'Μαρία', 'Δημητρίου', '1988-05-15', 'registered'),
    (1002, 101, 'elenikontogianni', 'Tr1!kE@7', 'student', 'eleni.kontogianni@yahoo.com', 'Ελένη', 'Κοντογιάννη', '2005-09-22', 'registered'),
    (1003, 101, 'giorgosstavridis', 'B8&fL$2s', 'student', 'giorgos.stavridis@outlook.com', 'Γιώργος', 'Σταυρίδης', '2006-01-10', 'registered'),
    (1004, 101, 'mariadimitriou', 'L!0n$wR#3', 'student', 'maria.dimitriou@hotmail.com', 'Μαρία', 'Δημητρίου', '2005-08-03', 'pending'),
    (1005, 101, 'nikospapanikolaou', 'S5aK@yC!2', 'student', 'nikos.papanikolaou@icloud.com', 'Νίκος', 'Παπανικολάου', '2007-03-18', 'registered'),
    (1006, 101, 'andreasmarinos', 'R@b8!tG#3', 'student', 'andreas.marinos@aol.com', 'Ανδρέας', 'Μαρίνος', '2005-11-27', 'registered'),
    (1007, 101, 'mariakaramichali', '0wL&M!5y', 'student', 'maria.karamichali@protonmail.com', 'Μαρία', 'Καραμιχάλη', '2006-07-09', 'pending' ),
    (1008, 101, 'dimitriskonstantinou', 'D0lph!nC*7', 'student', 'dimitris.konstantinou@live.com', 'Δημήτρης', 'Κωνσταντίνου', '2005-02-14', 'registered'),
    (1009, 101, 'sofiapapadopoulou', 'G#5fA$yH!2', 'student', 'sofia.papadopoulou@yandex.com', 'Σοφία', 'Παπαδοπούλου', '2007-09-30', 'registered'),
-- School ID 102
    (1010, 102, 'sokonst', 'S0pHi@K0n$', 'operator', 'skonstantinou@yahoo.com', 'Σοφία', 'Κωνσταντίνου', '1985-07-19', 'registered'),
    (1011, 102, 'georgiosnikolaou', 'N!k0u#G30rg!0u$', 'student', 'georgios.nikolaou@outlook.com', 'Γεώργιος', 'Νικολάου', '2011-02-03', 'registered'),
    (1012, 102, 'elenakaltsa', 'K@lt$@#3l3n@', 'student', 'elena.kaltsa@hotmail.com', 'Ελένη', 'Καλτσά', '2009-09-18', 'pending'),
    (1013, 102, 'dimitrismarinos', 'M@r!n0uD!m!tr!$', 'student', 'dimitris.marinos@icloud.com', 'Δημήτρης', 'Μαρίνος', '2012-04-05', 'registered'),
    (1014, 102, 'annapapadopoulou', 'P@p@d0p0ul0u#Ann@', 'student', 'anna.papadopoulou@protonmail.com', 'Άννα', 'Παπαδοπούλου', '2011-10-20', 'registered'),
    (1015, 102, 'nikolasgeorgiou', 'G30rg!0u$N!k0l@s', 'student', 'nikolas.georgiou@gmail.com', 'Νικόλας', 'Γεωργίου', '2006-08-12', 'registered'),
    (1016, 102, 'marialouka', 'L0uk@#M@r!@', 'student', 'maria.louka@yahoo.com', 'Μαρία', 'Λούκα', '2007-01-27', 'pending'),
    (1017, 102, 'elenavlachou', 'Vl@ch0u#3l3n@', 'student', 'elena.vlachou@outlook.com', 'Ελένα', 'Βλάχου', '2005-09-10', 'registered'),
-- School ID 201
    (1018, 201, 'elenigeo', 'El3n3G$', 'operator', 'elenigeo@hotmail.com', 'Ελένη', 'Γεωργίου', '1982-06-25', 'registered'),
    (1019, 201, 'annatriantafyllou', 'Tr!@nt@f!ll0u#Ann@', 'student', 'anna.triantafyllou@icloud.com', 'Άννα', 'Τριανταφύλλου', '2009-03-10', 'pending'),
    (1020, 201, 'nikoslamprou', 'L@mp0u#N!k0u$', 'student', 'nikos.lamprou@yahoo.com', 'Νίκος', 'Λαμπρού', '2011-07-19', 'registered'),
    (1021, 201, 'georgiamikrou', 'M!kr0u#G30rg!@', 'student', 'georgia.mikrou@outlook.com', 'Γεωργία', 'Μικρού', '2012-02-03', 'registered'),
    (1022, 201, 'elenadimou', 'D!m0u#3l3n@', 'student', 'elena.dimou@hotmail.com', 'Ελένα', 'Δήμου', '2010-09-18', 'pending' ),
    (1023, 201, 'dimitriskatsikas', 'K@ts!k@#3D!m!tr!$', 'student', 'dimitris.katsikas@icloud.com', 'Δημήτρης', 'Κατσικάς', '2013-04-05', 'registered'),
    (1024, 201, 'annapapageorgiou', 'P@p@g30rg!0u#Ann@', 'student', 'anna.papageorgiou@protonmail.com', 'Άννα', 'Παπαγεωργίου', '2012-10-20', 'registered'),
-- School ID 202
    (1025, 202, 'athenam', 'AthM@ur0!', 'operator', 'athenamauromi@yahoo.com', 'Αθηνά', 'Μαυρομιχάλη', '1990-08-12', 'registered'),
    (1026, 202, 'mariageorgiou', 'G30rg!0u#M@r!@', 'student', 'maria.georgiou@outlook.com', 'Μαρία', 'Γεωργίου', '2012-01-27', 'registered'),
    (1027, 202, 'elenadouka', 'D0uk@#3l3n@', 'student', 'elena.douka@hotmail.com', 'Ελένα', 'Δούκα', '2010-09-18', 'pending'),
    (1028, 202, 'dimitriskaragiannis', 'K@r@g!@n!$D!m!tr!$', 'student', 'dimitris.karagiannis@icloud.com', 'Δημήτρης', 'Καραγιάννης', '2013-04-05', 'registered'),
    (1029, 202, 'annapapadimitriou', 'P@p@d!m!tr!0u#Ann@', 'student', 'anna.papadimitriou@protonmail.com', 'Άννα', 'Παπαδημητρίου', '2012-10-20', 'registered'),
    (1030, 202, 'georgiostheocharis', 'Th30ch@r!$G30rg!0u$', 'student', 'georgios.theocharis@gmail.com', 'Γεώργιος', 'Θεοχάρης', '2008-06-12', 'pending'),
    (1031, 202, 'marialoukou', 'L0uk0u#M@r!@', 'student', 'maria.loukou@yahoo.com', 'Μαρία', 'Λούκου', '2005-01-27', 'registered'),
    (1032, 202, 'elenivlachou', 'Vl@ch0u#3l3n!', 'student', 'eleni.vlachou@outlook.com', 'Ελένη', 'Βλάχου', '2005-09-10', 'pending' ),
-- School ID 301
    (1033, 301, 'nikolassot', 'S0t!r#N!k0l@s', 'operator', 'nikolas.sotiriou@gmail.com', 'Νικόλας', 'Σωτηρίου', '1986-08-12', 'registered'),
    (1034, 301, 'marialouki', 'L0uk!#M@r!@', 'student', 'maria.louki@yahoo.com', 'Μαρία', 'Λούκη', '2008-01-27', 'pending'),
    (1035, 301, 'elenapapadaki', 'P@p@d@k!#3l3n@', 'student', 'elena.papadaki@outlook.com', 'Ελένα', 'Παπαδάκη', '2006-09-10', 'registered'),
    (1036, 301, 'dimitriskontos', 'K0nt0$D!m!tr!$', 'student', 'dimitris.kontos@hotmail.com', 'Δημήτρης', 'Κοντός', '2009-06-25', 'registered'),
    (1037, 301, 'annamarinos', 'M@r!n0u#Ann@', 'student', 'anna.marinos@icloud.com', 'Άννα', 'Μαρίνου', '2010-03-10', 'pending'),
    (1038, 101, 'dimitrisgeorgiou', 'G30rg!0uD!m!tr!$', 'student', 'dimitris.georgiou@hotmail.com', 'Δημήτρης', 'Γεωργίου', '2007-04-25', 'registered'),
    (1039, 101, 'annageorgiadi', 'G30rg!@d!@AnN@', 'student', 'anna.georgiadi@icloud.com', 'Άννα', 'Γεωργιάδη', '2006-10-08', 'registered'),
    (1040, 101, 'nikostriantafyllou', 'Tr!@nt@f!ll0u#N!k!$', 'student', 'nikos.triantafyllou@protonmail.com', 'Νίκος', 'Τριανταφύλλου', '2005-05-23', 'pending'),
-- Professors
    (1041, 101, 'ioannismichaelides', 'I0@n!sM#7', 'professor', 'ioannis.michaelides@example.com', 'Ιωάννης', 'Μιχαηλίδης', '1985-06-27', 'registered'),
    (1042, 102, 'elenageorgiou', '3l3n@G#r7', 'professor', 'elena.georgiou@example.com', 'Ελένη', 'Γεωργίου', '1982-09-14', 'pending'),
    (1043, 201, 'dimitrakosmas', 'D!m1#k0$7', 'professor', 'dimitra.kosmas@example.com', 'Δήμητρα', 'Κοσμά', '1979-11-30', 'registered'),
    (1044, 202, 'mariospapadopoulos', 'M@r10sP#7', 'professor', 'marios.papadopoulos@example.com', 'Μάριος', 'Παπαδόπουλος', '1976-08-12', 'registered'),
    (1045, 301, 'christinazafiriou', 'ChR1s!@7', 'professor', 'christina.zafiriou@example.com', 'Χριστίνα', 'Ζαφειρίου', '1981-04-25', 'pending'),
    (1046, 101, 'panagiotisandreou', 'P@n&G!07', 'professor', 'panagiotis.andreou@example.com', 'Παναγιώτης', 'Ανδρέου', '1984-02-08', 'registered'),
    (1047, 102, 'sophiakoutsoumba', 'S0ph!@K0#7', 'professor', 'sophia.koutsoumba@example.com', 'Σοφία', 'Κουτσούμπα', '1977-10-17', 'registered'),
    (1048, 201, 'georgepantazis', 'G30r9e#7', 'professor', 'george.pantazis@example.com', 'Γιώργος', 'Πανταζής', '1983-03-26', 'pending' ),
    (1049, 202, 'marialamprou', 'M@r!aL0#7', 'professor', 'maria.lamprou@example.com', 'Μαρία', 'Λάμπρου', '1980-07-05', 'registered'),
    (1050, 301, 'nikolaspapanikolaou', 'N1k@l@sP#7', 'professor', 'nikolas.papanikolaou@example.com', 'Νικόλας', 'Παπανικολάου', '1978-12-23', 'registered'),
    (1051, 101, 'elenapapadopoulou', '3l3n@P@p#7', 'professor', 'elena.papadopoulou@example.com', 'Ελένη', 'Παπαδοπούλου', '1982-05-10', 'pending' ),
    (1052, 102, 'georgestavridis', 'G30rg3S#7', 'professor', 'george.stavridis@example.com', 'Γεώργιος', 'Σταυρίδης', '1979-08-17', 'registered'),
    (1053, 201, 'marialamprou', 'M@r!aL@m#7', 'professor', 'maria.lamprou@example.com', 'Μαρία', 'Λάμπρου', '1985-02-02', 'registered'),
    (1054, 202, 'nikosgeorgiou', 'N1k0sG#7', 'professor', 'nikos.georgiou@example.com', 'Νίκος', 'Γεωργίου', '1981-09-20', 'pending'),
    (1055, 301, 'sofiakonstantinou', 'S0ph!@K0nst#7', 'professor', 'sofia.konstantinou@example.com', 'Σοφία', 'Κωνσταντίνου', '1984-06-08', 'registered'),
    (1056, 101, 'dimitrakonstantinidis', 'D!m1@k0n#7', 'professor', 'dimitra.konstantinidis@example.com', 'Δήμητρα', 'Κωνσταντινίδης', '1980-01-15', 'registered'),
    (1057, 102, 'mariastavropoulou', 'M@r!aSt@v#7', 'professor', 'maria.stavropoulou@example.com', 'Μαρία', 'Σταυροπούλου', '1977-04-30', 'pending'),
    (1058, 201, 'giorgoszafirakis', 'G10rg0sZ#7', 'professor', 'george.zafirakis@example.com', 'Γιώργος', 'Ζαφειράκης', '1983-11-07', 'registered');

INSERT INTO User (user_id, school_id, username, password, user_type, email, first_name, last_name, date_of_birth, account_status) VALUES
    -- disabled students
    (1059, 101, 'nikospap', 'N!k0sPP!', 'student', 'nikospap@gmail.com', 'Νίκος', 'Παπαδόπουλος', '2008-07-15', 'disabled'),
    (1060, 101, 'mariaa', 'M@r@k!Ath', 'student', 'mariaa@yahoo.com', 'Μαρία', 'Αθανασίου', '2010-03-21', 'disabled'),
    (1061, 201, 'dimitriss', 'SamAr@s11', 'student', 'dimitriss@gmail.com', 'Δημήτρης', 'Σαμαράς', '2009-11-05', 'disabled'),
    (1062, 202, 'elenapet', 'El3n@P3tr', 'student', 'elenapet@yahoo.com', 'Έλενα', 'Πετρούνη', '2007-09-23', 'disabled'),
    (1063, 301, 'georgepap', 'Gp@p@10!', 'student', 'georgepap@gmail.com', 'Γιώργος', 'Παπανδρέου', '2006-05-10', 'disabled'),
    (1064, 301, 'evageor', 'EvaG301218', 'student', 'evageor@yahoo.com', 'Εύα', 'Γεωργίου', '2008-12-18', 'disabled'),
    (1065, 102, 'stelkontos', 'k0nt0$STE', 'student', 'steliosk@gmail.com', 'Στέλιος', 'Κοντός', '2005-08-07', 'disabled');

INSERT INTO Reviews (ISBN, user_id, free_text, likert_value, publication_status)
VALUES
    ('9780099592068', 1002, 'A captivating memoir that provides a deep understanding of anxiety disorders.', 4, 'published'),
	('9780323545037', 1011, 'An excellent anatomy coloring book that helped me grasp complex concepts.', 5, 'written'),
	('9781626259492', 1018, 'A comprehensive guide to Acceptance and Commitment Therapy. Highly recommended!', 4, 'published'),
	('9780984481743', 1025, 'This book offers practical strategies for overcoming binge eating and developing a healthy relationship with food.', 3, 'published'),
	('9781849059206', 1050, 'A valuable resource for helping children with high-functioning autism understand and express their emotions.', 4, 'published'),
	('9780702034473', 1046, 'A must-have manual for examining the peripheral nervous system. Very informative.', 5, 'published'),
	('9780190930967', 1003, 'A thought-provoking exploration of the importance of play in children''s development.', 4, 'published'),
	('9780140194715', 1029, 'An insightful introduction to bioenergetics and its application for personal growth.', 3, 'published'),
	('9780062515421', 1031, 'A beginner''s guide to meditation that offers practical techniques for reducing stress.', 4, 'published'),
	('9780062426765', 1005, 'A comprehensive guide to adopting a whole-food, plant-based diet for better health.', 5, 'published'),
	('9780393706345', 1010, 'A valuable collection of solution-focused questions for therapists and coaches.', 4, 'published'),
	('9780831400705', 1024, 'A guide to improving relationships and personal growth based on the work of Virginia M. Satir.', 4, 'written'),
	('9780141985138', 1025, 'An intriguing exploration of the science and history of psychedelic substances.', 5, 'published'),
	('9780141034591', 1039, 'A fascinating book that explores the impact of unpredictable events on our world.', 4, 'published'),
	('9780330492270', 1035, 'A thought-provoking examination of psychopathy and its diagnosis in society.', 3, 'published'),
	('9780141981727', 1041, 'A concise and accessible introduction to the exciting field of physics.', 4, 'published'),
	('9781607749769', 1015, 'An inspiring collection of profiles showcasing the achievements of women in science.', 5, 'published'),
	('9780143113102', 1023, 'A fascinating exploration of neuroplasticity and its implications for our understanding of the brain.', 4, 'published'),
	('9780762463107', 1049, 'A must-have book for Harry Potter fans. The talking Dobby toy is a delightful addition!', 5, 'published'),
	('9780739048177', 1064, 'An essential resource for violinists learning Volume 3 techniques. Highly recommended.', 4, 'published'),
	('9780713490749', 1052, 'A comprehensive course on botanical illustration with stunning illustrations and guidance.', 4, 'published'),
	('9780881792126', 1017, 'A helpful resource for photographers looking to improve their composition skills.', 3, 'published'),
	('9780984481743', 1026, 'A valuable and supportive resource that provides practical strategies, insights, and guidance for individuals seeking to overcome binge eating and develop a healthier relationship with food and their own thoughts.', 4, 'published'),
	('9780141039022', 1033, 'A charming and contemplative book offering poignant reflections and observations from life on a walnut tree farm, capturing the essence of nature and rural living.', 5, 'published'),
	('9780141042701', 1011, 'A gripping memoir that vividly portrays the author''s experiences of poverty and hardship in two major European cities, offering a raw and poignant exploration of social inequality and the resilience of the human spirit.', 4, 'written'),
	('9780141046310', 1062, 'A thought-provoking book that challenges traditional notions of religion and explores the potential benefits of incorporating certain aspects of religious practices and rituals into the lives of atheists, highlighting the importance of community, moral guidance, and emotional fulfillment.', 4, 'published'),
	('9780141346830', 1023, '"Percy Jackson and the Battle of the Labyrinth" (Book 4) delivers laughter and thrills in an epic maze of myth and mischief.', 5, 'published'),
	('9780190930967', 1021, '"Let the Children Play" is an inspiring and informative guide that encourages and advocates for the importance of unstructured play in children''s development..', 4, 'published'),
	('9780596009762', 1021, 'A comprehensive and practical resource that offers a wide range of SQL solutions and techniques for data manipulation, querying, and database management.', 4, 'published'),
	('9780062426765', 1008, 'A compelling book that offers valuable insights and practical guidance on achieving optimal health through diet', 3, 'published'),

	('9780007554850', 1009, 'I found this book incredibly inspiring. Highly recommended!', 5, 'published'),
    ('9780007554850', 1017, 'The story of the main character''s escape from North Korea was gripping.', 4, 'published'),
    ('9781760292362', 1029, 'Fight Like a Girl is a thought-provoking exploration of gender equality.', 4, 'published'),
    ('9781784700089', 1047, 'A fascinating biography of Alan Turing, a true genius of our time.', 5, 'published'),
    ('9780141042701', 1008, 'George Orwell''s memoir offers a compelling glimpse into poverty and homelessness.', 4, 'published'),
    ('9780671631987', 1021, 'This book provides a structured approach to teach children how to read.', 4, 'published'),
    ('9780198324003', 1026, 'An excellent study guide for Shakespeare''s Macbeth. Highly recommended for students!', 5, 'published'),
    ('9781586638467', 1050, 'The modern translation alongside the original text made it easier to understand and appreciate Macbeth.', 4, 'published'),
    ('9780470915516', 1003, 'Making Thinking Visible is a valuable resource for educators looking to promote critical thinking in the classroom.', 5, 'published'),
    ('9781571109743', 1010, 'The Daily 5 provides practical strategies to foster literacy independence in elementary school students.', 4, 'published'),
    ('9781843104810', 1024, 'A heartwarming and educational book that promotes understanding of Asperger Syndrome.', 5, 'published'),
    ('9781583944974', 1028, 'Yoga Sequencing is a comprehensive guide for creating effective yoga sequences.', 4, 'published'),
    ('9780802412850', 1035, 'A helpful book for understanding how children give and receive love.', 4, 'published'),
    ('9781903348345', 1006, 'An Introductory Guide to Anatomy & Physiology provides clear explanations and detailed illustrations.', 5, 'published'),
    ('9780325074337', 1014, 'The Reading Strategies Book offers practical strategies to develop strong reading skills.', 4, 'published'),
    ('9781905862597', 1021, 'The Bee Garden is a delightful guide for creating a bee-friendly garden.', 5, 'published'),
    ('9781447990420', 1049, 'Comprehensive coverage of Environmental Systems and Societies course for IB Diploma Programme.', 4, 'published'),
-- bad reviews
	('9780143113997', 1026, 'I found the plot of this book to be predictable and unoriginal.', 2, 'published'),
	('9780099507383', 1024, 'The characters in this book were poorly developed and lacked depth. It sucked.', 1, 'declined'),
	('9780007554850', 1014, 'I was disappointed with the writing style of this book, it felt disjointed.', 2, 'published'),
	('9781409177968', 1036, 'The pacing of this book was too slow, it dragged on for too long.', 2, 'published'),
	('9781473630833', 1031, 'I found the ending of this book to be unsatisfying and unresolved.', 2, 'published'),
	('9781603425384', 1008, 'The humor in this book fell flat, I didn''t find it funny at all.', 1, 'published'),
	('9781760292362', 1021, 'The characters in this book were unlikable and lacked depth.', 2, 'published'),

	 ('9780241380451', 1038, 'The book lacked depth and the recipes were disappointing.', 2, 'published'),
    ('9780470398920', 1001, 'The instructions were unclear, and the photographs were not helpful.', 1, 'published'),
    ('9781853260254', 1065, 'I found the language difficult to understand, and the story dragged on.', 2, 'published'),
    ('9781107615496', 1009, 'I did not enjoy the play and found it confusing.', 1, 'published'),
    ('9780486285535', 1024, 'The selection of poems was uninteresting, and the editing was poor.', 2, 'published'),
    ('9781853262425', 1062, 'The epic poem was tedious to read and hard to follow.', 1, 'published'),
    ('9780062301673', 1050, 'The explanations were convoluted, and the examples did not help.', 2, 'published'),
    ('9780241251805', 1003, 'The quotes were not as witty as expected, and the observations were mundane.', 1, 'published'),
    ('9781849940764', 1011, 'The diagrams were confusing and did not provide clear explanations.', 2, 'published'),
    ('9781408870365', 1020, 'The book lacked in-depth analysis and focused more on superficial aspects.', 1, 'published'),
    ('9781501106293', 1031, 'The storytelling was dry, and the impact of the moon landing was not effectively conveyed.', 2, 'published'),
    ('9780813056173', 1035, 'The collection of photographs was underwhelming and did not capture the essence of the mission.', 1, 'published'),
    ('9780123819598', 1059, 'The exercises were not practical and did not improve my skills as expected.', 2, 'declined');


INSERT INTO Reservation (reservation_id, ISBN, user_id, date_made, reservation_status)
VALUES
(10001, '9780323545037', 1002, '2022-09-14', 'served'),
(10002, '9780702034473', 1005, '2022-09-17', 'served'),
(10003, '9780984481743', 1018, '2022-10-16', 'served'),
(10004, '9780141981727', 1002, '2022-11-04', 'served'),
(10005, '9780141046310', 1020, '2022-12-02', 'served'),
(10006, '9781853260254', 1017, '2022-12-02', 'served'),
(10007, '9780123819598', 1009, '2023-05-17', 'served'),
(10008, '9781853262425', 1008, '2023-05-11', 'served'),
(10009, '9781607749769', 1013, '2023-05-17', 'served'),
(10010, '9781844086825', 1047, '2023-05-16', 'served'),
(10011, '9780486285535', 1031, '2023-05-10', 'served'),
(10012, '9780739048177', 1050, '2023-05-10', 'served'),
(10013, '9781409177968', 1038, '2023-05-12', 'served'),
(10014, '9781610392761', 1039, '2023-05-16', 'served'),
(10015, '9780470398920', 1002, '2023-05-24', 'cancelled'),
(10016, '9780141981727', 1003, '2023-04-17', 'cancelled'),
(10017, '9780831400705', 1011, '2023-05-25', 'cancelled'),
(10018, '9780881792126', 1010, '2023-05-25', 'cancelled'),
(10019, '9781451673708', 1018, '2023-04-12', 'cancelled'),
(10020, '9781905862597', 1023, '2023-03-15', 'cancelled'),
(10021, '9781623172435', 1026, '2023-05-25', 'cancelled'),
(10022, '9780486285535', 1031, '2023-05-25', 'cancelled'),
(10023, '9781849059206', 1033, '2023-02-20', 'cancelled'),
(10024, '9780241357187', 1038, '2023-01-10', 'cancelled'),
(10025, '9780323545037', 1009, '2022-02-15', 'served'),
(10026, '9780984481743', 1010, '2022-07-23', 'served'),
(10027, '9780140194715', 1009, '2022-05-10', 'served'),
(10028, '9780062515421', 1010, '2022-09-01', 'served'),
(10029, '9780763633318', 1013, '2022-03-18', 'served'),
(10030, '9781603420396', 1052, '2022-08-07', 'served'),
(10031, '9780262527132', 1017, '2022-06-29', 'served'),
(10032, '9781119405696', 1014, '2022-04-12', 'served'),
(10033, '9781781258637', 1013, '2022-07-05', 'served'),
(10034, '9781603420396', 1011, '2022-11-19', 'served'),
(10035, '9781405918831', 1011, '2022-10-03', 'served'),
(10036, '9781447295266', 1010, '2022-12-08', 'served'),
(10037, '9780733329364', 1047, '2022-06-13', 'served'),
(10038, '9780373776573', 1052, '2022-01-27', 'served'),
(10039, '9780007554850', 1065, '2022-09-16', 'served'),
(10040, '9780141042701', 1065, '2022-03-02', 'served'),
(10041, '9780325074337', 1009, '2022-07-29', 'served'),
(10042, '9781583944974', 1009, '2022-05-21', 'served'),
(10043, '9781936976027', 1001, '2022-03-17', 'served'),
(10044, '9780399533457', 1056, '2022-03-19', 'served'),
(10045, '9780849922077', 1006, '2022-04-20', 'served'),
(10046, '9780241357187', 1005, '2022-04-21', 'served'),
(10047, '9780241972069', 1059, '2022-05-22', 'served'),
(10048, '9781784700089', 1060, '2022-06-23', 'served'),
(10049, '9780470915516', 1002, '2022-07-24', 'served'),
(10050, '9781903348345', 1003, '2022-02-25', 'served'),
(10051, '9781905862597', 1041, '2022-01-26', 'served'),
(10052, '9780470398920', 1046, '2022-05-27', 'served'),
(10053, '9781853260254', 1056, '2022-05-28', 'served'),
(10054, '9781853262425', 1001, '2022-09-29', 'served'),
(10055, '9780062301673', 1001, '2022-10-30', 'served'),
(10056, '9780123819598', 1003, '2022-12-01', 'served'),
(10057, '9780099592068', 1001, '2023-03-01', 'served'),
(10058, '9780702034473', 1008, '2023-01-02', 'served'),
(10059, '9780190930967', 1006, '2023-01-03', 'served'),
(10060, '9780062426765', 1005, '2023-01-04', 'served'),
(10061, '9780749939755', 1001, '2023-01-05', 'served'),
(10062, '9780810959545', 1005, '2023-01-06', 'served'),
(10063, '9780141981727', 1002, '2023-01-07', 'served'),
(10064, '9780141362793', 1046, '2023-02-08', 'served'),
(10065, '9780395669532', 1056, '2023-02-09', 'served'),
(10066, '9781603425384', 1001, '2023-02-10', 'served'),
(10067, '9783980880275', 1005, '2023-02-11', 'served'),
(10068, '9781473630819', 1008, '2023-02-12', 'served'),
(10069, '9781936976027', 1056, '2023-03-13', 'served'),
(10070, '9780399533457', 1046, '2023-03-15', 'served'),
(10071, '9780849922077', 1006, '2023-03-16', 'served');


INSERT INTO Borrowing (borrowing_id, reservation_id, ISBN, user_id, starting_date, return_date)
VALUES
(10001, 10001, '9780323545037', 1002, '2022-09-14', '2022-09-22'),
(10002, 10002, '9780702034473', 1005, '2022-09-17', '2022-09-23'),
(10003, 10003, '9780984481743', 1018, '2022-10-16', '2022-10-26'),
(10004, 10004, '9780141981727', 1002, '2022-11-04', '2022-11-11'),
(10005, 10005, '9780141046310', 1020, '2022-12-02', '2022-12-07'),
(10006, 10006, '9781853260254', 1017, '2022-12-02', '2022-12-10'),
(10007, 10007, '9780123819598', 1009, '2023-05-17', '2023-05-24'),
(10008, 10008, '9781853262425', 1008, '2023-05-11', '2023-05-18'),
(10009, NULL, '9781853260254', 1006, '2023-05-12', '2023-05-18'),
(10010, NULL, '9780470398920', 1005, '2023-05-17', '2023-05-25'),
(10011, 10009, '9781607749769', 1013, '2023-05-17', '2023-05-24'),
(10012, 10010, '9781844086825', 1047, '2023-05-16', '2023-05-23'),
(10013, NULL, '9781781258637', 1014, '2023-05-16', '2023-05-22'),
(10014, NULL, '9780060989156', 1017, '2023-05-16', '2023-05-24'),
(10015, NULL, '9780739015575', 1021, '2023-05-14', '2023-05-21'),
(10016, NULL, '9781451673708', 1021, '2023-05-14', '2023-05-20'),
(10017, NULL, '9780141346830', 1043, '2023-05-16', '2023-05-23'),
(10018, NULL, '9780596009762', 1020, '2023-05-11', '2023-05-21'),
(10019, NULL, '9781781571446', 1049, '2023-05-11', '2023-05-18'),
(10020, NULL, '9780471445500', 1029, '2023-05-12', '2023-05-19'),
(10021, NULL, '9780262560993', 1029, '2023-05-10', '2023-05-16'),
(10022, 10011, '9780486285535', 1031, '2023-05-10', '2023-05-18'),
(10023, 10012, '9780739048177', 1050, '2023-05-10', '2023-05-17'),
(10024, 10013, '9781409177968', 1038, '2023-05-12', '2023-05-19'),
(10025, 10014, '9781610392761', 1039, '2023-05-16', '2023-05-23'),
(10026, NULL, '9780060859510', 1036, '2023-05-13', '2023-05-22'),
(10027, 10025, '9780323545037', 1009, '2022-02-15', '2022-02-24'),
(10028, 10026, '9780984481743', 1010, '2022-07-23', '2022-07-30'),
(10029, 10027, '9780140194715', 1009, '2022-05-10', '2022-05-17'),
(10030, 10028, '9780062515421', 1010, '2022-09-01', '2022-09-08'),
(10031, 10029, '9780763633318', 1013, '2022-03-20', '2022-03-27'),
(10032, 10030, '9781603420396', 1015, '2022-11-08', '2022-11-15'),
(10033, 10031, '9780262527132', 1017, '2022-06-05', '2022-06-12'),
(10034, 10032, '9781119405696', 1014, '2022-09-18', '2022-09-25'),
(10035, 10033, '9781781258637', 1013, '2022-08-02', '2022-08-09'),
(10036, 10034, '9781603420396', 1011, '2022-11-19', '2022-11-25'),
(10037, 10035, '9781405918831', 1011, '2022-05-28', '2022-06-05'),
(10038, 10036, '9781447295266', 1010, '2022-12-14', '2022-12-21'),
(10039, 10037, '9780733329364', 1047, '2022-03-30', '2022-04-06'),
(10040, 10038, '9780373776573', 1052, '2022-06-20', '2022-06-27'),
(10041, 10039, '9780007554850', 1065, '2022-07-12', '2022-07-19'),
(10042, 10040, '9780141042701', 1065, '2022-10-17', '2022-10-24'),
(10043, 10041, '9780325074337', 1009, '2022-11-03', '2022-11-12'),
(10044, 10042, '9781583944974', 1009, '2022-12-30', '2023-01-06'),
(10045, 10043, '9781936976027', 1001, '2022-03-17', '2022-03-22'),
(10046, 10044, '9780399533457', 1056, '2022-03-19', '2022-03-25'),
(10047, 10045, '9780849922077', 1006, '2022-04-20', '2022-04-26'),
(10048, 10046, '9780241357187', 1005, '2022-04-21', '2022-04-27'),
(10049, 10047, '9780241972069', 1059, '2022-05-22', '2022-05-27'),
(10050, 10048, '9781784700089', 1060, '2022-06-23', '2022-06-30'),
(10051, 10049, '9780470915516', 1002, '2022-07-24', '2022-08-03'),
(10052, 10050, '9781903348345', 1003, '2022-02-25', '2022-03-01'),
(10053, 10051, '9781905862597', 1041, '2022-01-26', '2022-02-01'),
(10054, 10052, '9780470398920', 1046, '2022-05-27', '2022-06-02'),
(10055, 10053, '9781853260254', 1056, '2022-05-28', '2022-06-04'),
(10056, 10054, '9781853262425', 1001, '2022-09-29', '2022-10-05'),
(10057, 10055, '9780062301673', 1001, '2022-10-30', '2022-11-07'),
(10058, 10056, '9780123819598', 1003, '2022-12-01', '2022-12-08'),
(10059, 10057, '9780099592068', 1001, '2023-03-01', '2023-03-05'),
(10060, 10058, '9780702034473', 1008, '2023-01-02', '2023-01-10'),
(10061, 10059, '9780190930967', 1006, '2023-01-03', '2023-01-10'),
(10062, 10060, '9780062426765', 1005, '2023-01-04', '2023-01-10'),
(10063, 10061, '9780749939755', 1001, '2023-01-05', '2023-01-11'),
(10064, 10062, '9780810959545', 1005, '2023-01-06', '2023-01-12'),
(10065, 10063, '9780141981727', 1002, '2023-01-07', '2023-01-14'),
(10066, 10064, '9780141362793', 1046, '2023-02-08', '2023-02-15'),
(10067, 10065, '9780395669532', 1056, '2023-02-09', '2023-02-20'),
(10068, 10066, '9781603425384', 1001, '2023-02-10', '2023-02-17'),
(10069, 10067, '9783980880275', 1005, '2023-02-11', '2023-02-17'),
(10070, 10068, '9781473630819', 1008, '2023-02-12', '2023-02-20'),
(10071, 10069, '9781936976027', 1056, '2023-03-13', '2023-03-14'),
(10072, 10070, '9780399533457', 1046, '2023-03-15', '2023-03-22'),
(10073, 10071, '9780849922077', 1006, '2023-03-16', '2023-03-23');

INSERT INTO Reservation (reservation_id, ISBN, user_id, date_made, reservation_status)
VALUES
(10072, '9780099592068', 1041, '2023-06-04', 'served'),
(10073, '9780702034473', 1005, '2023-06-03', 'served' ),
(10074, '9780190930967', 1002, '2023-06-02', 'served'),
(10075, '9780062515421', 1003, '2023-06-02', 'served'),
(10076, '9780140194715', 1005, '2023-06-01', 'served'),
(10077, '9780323545037', 1017, '2023-06-01', 'served'),
(10078, '9780062515421', 1015, '2023-05-31', 'served'),
(10079, '9780393706345', 1011, '2023-05-30', 'served'),
(10080, '9780831400705', 1047, '2023-06-04', 'served'),
(10081, '9781626259492', 1043, '2023-06-04', 'served'),
(10082, '9780190930967', 1021, '2023-06-03', 'served'),
(10083, '9780190930967', 1024, '2023-05-29', 'served'),
(10084, '9780984481743', 1023, '2023-05-29', 'served'),
(10085, '9781451673708', 1024, '2023-05-28', 'served'),
(10086, '9780143113102', 1021, '2023-06-01', 'served'),
(10087, '9780323545037', 1044, '2023-06-04', 'served'),
(10088, '9780984481743', 1031, '2023-06-02', 'served'),
(10089, '9780140194715', 1031, '2023-06-03', 'served'),
(10090, '9780802412850', 1036, '2023-05-29', 'served'),
(10091, '9780241380451', 1050, '2023-05-31', 'served'),
(10092, '9781853260254', 1035, '2023-05-30', 'served'),
(10093, '9781849059206', 1055, '2023-06-02', 'served'),
(10094, '9780062515421', 1038, '2023-06-04', 'served');

INSERT INTO Borrowing (borrowing_id, reservation_id, ISBN, user_id, starting_date)
VALUES
(10074, 10072, '9780099592068', 1041, '2023-06-04'),
(10075, 10073, '9780702034473', 1005, '2023-06-03'),
(10076, 10074, '9780190930967', 1002, '2023-06-02'),
(10077, 10075, '9780062515421', 1003, '2023-06-02'),
(10078, NULL, '9780062426765', 1003, '2023-05-31'),
(10079, 10076, '9780140194715', 1005, '2023-06-01'),
(10080, NULL, '9780810959545', 1002, '2023-05-28'),
(10081, 10077, '9780323545037', 1017, '2023-06-01'),
(10082, 10078, '9780062515421', 1015, '2023-05-31'),
(10083, 10079, '9780393706345', 1011, '2023-05-30'),
(10084, 10080, '9780831400705', 1047, '2023-06-04'),
(10085, NULL, '9780141985138', 1011, '2023-06-02'),
(10086, NULL, '9780190930967', 1052, '2023-05-31'),
(10087, NULL, '9780984481743', 1015, '2023-06-04'),
(10088, 10081, '9781626259492', 1043, '2023-06-04'),
(10089, 10082, '9780190930967', 1021, '2023-06-03'),
(10090, 10083, '9780190930967', 1024, '2023-05-29'),
(10091, 10084, '9780984481743', 1023, '2023-05-29'),
(10092, NULL, '9780831400705', 1023, '2023-06-04'),
(10093, 10085, '9781451673708', 1024, '2023-05-28'),
(10094, 10086, '9780143113102', 1021, '2023-06-01'),
(10095, 10087, '9780323545037', 1044, '2023-06-04'),
(10096, 10088, '9780984481743', 1031, '2023-06-02'),
(10097, 10089, '9780140194715', 1031, '2023-06-03'),
(10098, NULL, '9780062515421', 1028, '2023-05-30'),
(10099, NULL, '9780762463107', 1026, '2023-05-29'),
(10100, NULL, '9780141985138', 1026, '2023-06-03'),
(10101, NULL, '9780060989156', 1028, '2023-05-31'),
(10102, 10090, '9780802412850', 1036, '2023-05-29'),
(10103, 10091, '9780241380451', 1050, '2023-05-31'),
(10104, 10092, '9781853260254', 1035, '2023-05-30'),
(10105, NULL, '9780062301673', 1035, '2023-06-01'),
(10106, NULL, '9780813056173', 1039, '2023-06-02'),
(10107, 10093, '9781849059206', 1055, '2023-06-02'),
(10108, 10094, '9780062515421', 1038, '2023-06-04');


INSERT INTO Borrowing (borrowing_id, ISBN, user_id, starting_date, return_date)
VALUES
-- 102 2023
(10109, '9780373776573', 1011, '2023-01-15', '2023-01-22'),
(10110, '9780007554850', 1015, '2023-02-07', '2023-02-14'),
(10111, '9780141042701', 1010, '2023-03-22', '2023-03-29'),
(10112, '9780325074337', 1013, '2023-04-09', '2023-04-16'),
(10113, '9781583944974', 1047, '2023-05-01', '2023-05-13'),
(10114, '9780325074337', 1052, '2023-02-14', '2023-02-21'),
(10115, '9780486285535', 1014, '2023-01-18', '2023-01-25'),
(10116, '9781853260254', 1015, '2023-02-09', '2023-02-16'),
(10117, '9781107615496', 1011, '2023-03-27', '2023-04-04'),
(10118, '9780486285535', 1015, '2023-04-11', '2023-04-18'),
(10119, '9781501106293', 1065, '2023-05-04', '2023-05-13'),
(10120, '9780062301673', 1052, '2023-03-30', '2023-04-07'),
(10121, '9781849940764', 1009, '2023-02-02', '2023-02-09'),
(10122, '9781501106293', 1009, '2023-03-17', '2023-03-26'),
(10123, '9780062301673', 1009, '2023-05-05', '2023-05-12'),
(10124, '9780486285535', 1011, '2023-05-21', '2023-05-28'),

-- 301 2022
(10125, '9781849059206', 1033, '2022-01-03', '2022-01-15'),
(10126, '9780739048177', 1033, '2022-02-15', '2022-02-23'),
(10127, '9781610392761', 1035, '2022-03-19', '2022-03-26'),
(10128, '9781444783056', 1036, '2022-04-05', '2022-04-12'),
(10129, '9780141039022', 1038, '2022-05-21', '2022-05-28'),
(10130, '9780099529750', 1039, '2022-06-10', '2022-06-19'),
(10131, '9781409177968', 1050, '2022-07-02', '2022-07-09'),
(10132, '9780596009762', 1033, '2022-08-14', '2022-08-21'),
(10133, '9780715318478', 1033, '2022-09-23', '2022-09-30'),
(10134, '9780241357187', 1033, '2022-10-16', '2022-10-23'),
(10135, '9780241972069', 1063, '2022-11-08', '2022-11-15'),
(10136, '9780671631987', 1064, '2022-12-01', '2022-12-08'),
(10137, '9780232527254', 1035, '2022-12-24', '2022-12-31'),
(10138, '9781586638467', 1050, '2022-12-28', '2023-01-04'),
(10139, '9780802412850', 1055, '2022-12-30', '2023-01-08'),
(10140, '9780241380451', 1033, '2022-02-28', '2022-03-06'),
(10141, '9781853260254', 1036, '2022-01-30', '2022-02-06'),
(10142, '9780813056173', 1063, '2022-03-30', '2022-04-06'),
(10143, '9780373776573', 1036, '2022-04-30', '2022-05-06'),
(10144, '9780007554850', 1035, '2022-05-30', '2022-06-06'),
(10145, '9781849059206', 1033, '2022-02-03', '2022-02-09'),

-- 202 2022
(10146, '9780984481743', 1025, '2022-05-15', '2022-05-23'),
(10147, '9780062515421', 1026, '2022-09-22', '2022-09-29'),
(10148, '9780763633318', 1028, '2022-04-10', '2022-04-19'),
(10149, '9781603420396', 1025, '2022-11-05', '2022-11-12'),
(10150, '9780262527132', 1029, '2022-07-19', '2022-07-26'),
(10151, '9781119405696', 1025, '2022-03-28', '2022-04-04'),
(10152, '9781781258637', 1031, '2022-08-10', '2022-08-19'),
(10153, '9781603420396', 1044, '2022-12-01', '2022-12-08'),
(10154, '9781603420396', 1049, '2022-06-14', '2022-06-21'),
(10155, '9781781571446', 1062, '2022-10-03', '2022-10-10'),
(10156, '9780762463107', 1062, '2022-02-17', '2022-02-24'),
(10157, '9780060989156', 1025, '2022-07-07', '2022-07-14'),
(10158, '9781781258637', 1026, '2022-11-26', '2022-12-03'),
(10159, '9781681980799', 1028, '2022-03-12', '2022-03-19'),
(10160, '9781681980799', 1029, '2022-09-01', '2022-09-06'),
(10161, '9780262527132', 1031, '2022-04-26', '2022-05-03'),
(10162, '9781607749769', 1044, '2022-10-19', '2022-10-26'),
(10163, '9781844086825', 1049, '2022-01-08', '2022-01-14'),
(10164, '9780596009762', 1062, '2022-03-17', '2022-03-26'),
(10165, '9781845299477', 1025, '2022-06-30', '2022-07-07'),
(10166, '9781473630833', 1028, '2022-12-15', '2022-12-22'),
(10167, '9781119405696', 1049, '2022-01-28', '2022-02-04'),

    -- 202 2023
(10168, '9781583944974', 1025, '2023-02-10', '2023-02-17'),
(10169, '9780325074337', 1026, '2023-05-05', '2023-05-11'),
(10170, '9780486285535', 1028, '2023-04-21', '2023-04-28'),
(10171, '9781447990420', 1031, '2023-03-14', '2023-03-20'),
(10172, '9780241380451', 1044, '2023-04-29', '2023-05-09'),
(10173, '9781853260254', 1049, '2023-02-17', '2023-02-28'),
(10174, '9781107615496', 1062, '2023-03-08', '2023-03-16'),
(10175, '9780486285535', 1025, '2023-01-23', '2023-02-01'),
(10176, '9781853262425', 1025, '2023-01-06', '2023-01-16'),
(10177, '9780486285535', 1031, '2023-04-27', '2023-05-04'),
(10178, '9781853262425', 1031, '2023-05-12', '2023-05-20'),
(10179, '9780123819598', 1026, '2023-02-19', '2023-02-28'),
(10180, '9780486285535', 1028, '2023-05-12', '2023-05-23'),
(10181, '9781626259492', 1018, '2022-01-14', '2022-01-19'),
(10182, '9780190930967', 1018, '2022-02-26', '2022-03-07'),
(10183, '9780984481743', 1020, '2022-03-17', '2022-03-24'),
(10184, '9780831400705', 1021, '2022-04-20', '2022-04-27'),
(10185, '9780739015575', 1023, '2022-05-05', '2022-05-10'),
(10186, '9781451673708', 1024, '2022-06-08', '2022-06-15'),
(10187, '9781908435132', 1043, '2022-07-12', '2022-07-19'),
(10188, '9780596009762', 1053, '2022-08-25', '2022-09-01'),
(10189, '9781845299477', 1058, '2022-09-10', '2022-09-17'),
(10190, '9781851688234', 1061, '2022-10-18', '2022-10-25'),
(10191, '9781594488894', 1020, '2022-11-07', '2022-11-14'),
(10192, '9780099507383', 1021, '2022-12-20', '2022-12-27'),
(10193, '9781760292362', 1023, '2022-01-02', '2022-01-09'),
(10194, '9780671631987', 1024, '2022-02-15', '2022-02-22'),
(10195, '9781843104810', 1024, '2022-03-28', '2022-04-04'),
(10196, '9780486285535', 1018, '2022-04-10', '2022-04-19'),
(10197, '9781853262425', 1018, '2022-05-22', '2022-05-29'),
(10198, '9780486285535', 1058, '2022-06-06', '2022-06-13'),
(10199, '9781408870365', 1053, '2022-07-18', '2022-07-26'),
(10200, '9781408870365', 1023, '2022-08-02', '2022-08-09'),

(10201, '9781853260254', 1006, '2023-05-12', '2023-05-18'),
(10202, '9780470398920', 1005, '2023-05-17', '2023-05-25'),
(10203, '9781781258637', 1014, '2023-05-16', '2023-05-22'),
(10204, '9780060989156', 1017, '2023-05-16', '2023-05-24'),
(10205, '9780739015575', 1021, '2023-05-14', '2023-05-21'),
(10206, '9781451673708', 1021, '2023-05-14', '2023-05-20'),
(10207, '9780141346830', 1043, '2023-05-16', '2023-05-23'),
(10208, '9780596009762', 1020, '2023-05-11', '2023-05-21'),
(10209, '9781781571446', 1049, '2023-05-11', '2023-05-18'),
(10210, '9780471445500', 1029, '2023-05-12', '2023-05-19'),
(10211, '9780262560993', 1029, '2023-05-10', '2023-05-16'),
(10212, '9780060859510', 1036, '2023-05-13', '2023-05-22');